index,class,daisy,dandelion,rose,sunflower,tulip
3025,daisy,0.881522,0.11757858,0.00037661858,0.00028978972,0.00023305125
3026,daisy,0.11406477,0.10331235,0.058573753,0.13001232,0.59403676
3027,daisy,1.4920236e-08,5.9551937e-09,9.7983e-11,1.0,8.875909e-10
3028,daisy,9.226079e-05,0.9998418,7.5303933e-06,1.3880509e-05,4.457056e-05
3029,daisy,2.5361616e-05,5.461396e-06,2.782434e-06,1.1340713e-05,0.99995506
3030,daisy,0.00479081,0.9871788,0.0010236133,0.005910517,0.0010961868
3031,daisy,0.9999935,9.1514806e-08,1.7735581e-06,1.7378054e-06,2.877718e-06
3032,daisy,1.7505528e-05,2.8696618e-06,1.34270185e-05,9.41736e-06,0.9999568
3033,daisy,0.000809451,0.00013571055,0.80742264,0.0002970206,0.19133519
3034,daisy,0.9999976,7.078463e-07,1.1320346e-06,2.8741476e-07,2.7270744e-07
3035,daisy,3.7285968e-06,0.9999954,4.4805606e-07,1.8010033e-07,2.1797189e-07
3036,daisy,0.014225187,0.0030902917,0.7270487,0.0025528024,0.25308305
3037,daisy,3.8153435e-06,6.7541475e-07,1.571272e-05,1.5467982e-06,0.99997824
3038,daisy,0.005761164,0.99205434,0.00045099412,0.0013155947,0.000417854
3039,daisy,2.9863153e-05,5.804149e-05,9.433943e-06,0.9998978,5.0086774e-06
3040,daisy,0.21113162,0.0014519151,0.022596534,0.00078230014,0.76403767
3041,daisy,5.9311024e-05,0.9998288,1.1504147e-05,8.049934e-05,1.9915376e-05
3042,daisy,6.125246e-05,3.4922785e-05,0.00016030113,1.0296935e-05,0.99973315
3043,daisy,6.314427e-05,0.99976146,1.1461061e-05,0.00014027079,2.3642011e-05
3044,daisy,0.21561763,0.0011349239,0.7255503,0.0010691283,0.056627996
3045,daisy,1.8775745e-10,1.0442417e-10,3.3061394e-11,1.0,3.556825e-10
3046,daisy,3.7542045e-06,9.31699e-05,3.9175297e-06,0.97122,0.028679153
3047,daisy,0.0042447364,0.0052779973,0.023472743,0.008327007,0.9586776
3048,daisy,1.8933017e-05,4.049762e-06,0.0003515321,5.707243e-06,0.9996198
3049,daisy,0.79259956,0.20320013,0.0015312679,0.0012910763,0.0013779912
3050,daisy,3.4043016e-05,0.0001377381,8.804744e-06,0.99980384,1.5623116e-05
3051,daisy,0.9999992,1.2878034e-07,1.7225372e-07,2.2849926e-08,4.178731e-07
3052,daisy,7.6630655e-05,1.7992364e-06,1.6132422e-05,1.2108043e-05,0.99989337
3053,daisy,0.9998358,6.7242318e-06,5.493511e-05,4.299473e-06,9.8200304e-05
3054,daisy,0.61976993,0.2741273,0.091455065,0.006516325,0.008131428
3055,daisy,0.0028665974,0.9871559,0.009404823,0.00021856937,0.0003541727
3056,daisy,0.025192862,0.85821676,0.0011541016,0.11000514,0.005431202
3057,daisy,1.6544458e-06,2.5165662e-06,3.703339e-07,0.99999535,1.346671e-07
3058,daisy,0.0017931629,0.0013599083,0.7848624,0.0011496212,0.21083501
3059,daisy,4.8728822e-08,1.0959082e-08,2.3786675e-09,1.0,7.4016007e-09
3060,daisy,1.0,3.992268e-10,4.2606885e-08,8.40325e-09,9.871299e-09
3061,daisy,5.874907e-05,7.829923e-06,0.00012646851,2.2697988e-05,0.9997843
3062,daisy,0.0010897394,0.0030863355,0.00070528744,0.0019062089,0.9932125
3063,daisy,1.1908552e-08,5.828013e-09,2.6273692e-10,1.0,3.908493e-09
3064,daisy,0.99901277,3.930709e-06,2.3255276e-05,0.0009346921,2.5468917e-05
3065,daisy,0.8284165,0.00045473845,0.0023847984,0.0050892653,0.16365467
3066,daisy,3.1640626e-05,0.99994624,9.251417e-06,5.1977495e-06,7.639048e-06
3067,daisy,0.028237179,0.0063130385,0.7102213,0.007330169,0.24789834
3068,daisy,0.99886286,0.00016593226,4.8904574e-05,0.0006832737,0.00023913693
3069,daisy,3.1570315e-05,0.99994737,3.6580434e-06,3.5950459e-06,1.3858706e-05
3070,daisy,0.00049772253,0.00028240876,0.4838562,0.0003165101,0.5150472
3071,daisy,0.00048715813,0.0005902634,0.00061926094,0.0012382838,0.99706507
3072,daisy,0.99237776,0.00081165193,0.00019234975,0.003953525,0.0026647323
3073,daisy,4.6998277e-05,6.51907e-06,0.9987442,8.697199e-06,0.0011935083
3074,daisy,9.695863e-06,3.4531781e-06,0.99981517,4.478162e-06,0.00016723356
3075,daisy,0.0031205607,0.00092389295,0.7975316,0.001742842,0.1966811
3076,daisy,0.00051396,0.00013572881,0.98315984,0.00019300764,0.015997477
3077,daisy,0.0010773902,0.9986904,6.9693735e-05,7.692524e-05,8.5552674e-05
3078,daisy,0.032009233,0.18755122,0.76599085,0.0031466286,0.011302032
3079,daisy,3.913833e-06,1.0050987e-06,2.1964952e-05,3.0801432e-06,0.9999701
3080,daisy,1.1451853e-06,2.4514e-07,9.767429e-06,0.99998647,2.365907e-06
3081,daisy,0.99999964,2.1183236e-08,2.263271e-07,1.5094166e-08,1.2664349e-07
3082,daisy,4.8177144e-06,0.00021503509,1.4156695e-06,0.99977845,3.2597728e-07
3083,daisy,0.0038062863,8.641805e-05,2.232799e-06,0.9960996,5.517874e-06
3084,daisy,5.5186e-09,5.5517684e-09,5.4758037e-10,1.0,1.0601558e-08
3085,daisy,0.5337618,0.19223309,0.016177787,0.036957722,0.22086959
3086,daisy,0.031503413,0.28989783,0.06709583,0.13614775,0.4753552
3087,daisy,0.02959033,0.9658841,0.00041893637,0.0010402205,0.003066328
3088,daisy,0.0010727908,0.0002555275,0.20257726,0.00028429047,0.7958101
3089,daisy,6.358243e-05,7.800633e-06,0.0008567382,1.1551116e-05,0.9990603
3090,daisy,0.0020290068,0.0001701386,0.62400836,0.00041983984,0.3733726
3091,daisy,0.03633026,0.08670569,0.6275988,0.03232593,0.2170393
3092,daisy,0.00021670398,2.2789614e-05,0.58880913,0.00010036108,0.41085106
3093,daisy,1.6409804e-06,1.17837146e-07,1.2884932e-05,5.939083e-07,0.99998474
3094,daisy,0.000585876,0.00012352914,0.0217033,0.00020144496,0.9773859
3095,daisy,0.008494461,0.0042838412,0.003642289,0.09730935,0.88627005
3096,daisy,5.7641056e-08,9.145031e-07,1.6039326e-08,0.9999989,1.3059085e-07
3097,daisy,7.316676e-07,0.9999987,1.8736947e-07,2.1479825e-07,1.9763365e-07
3098,daisy,5.601414e-05,5.7739476e-06,0.00039480667,2.8792765e-05,0.9995146
3099,daisy,2.7844687e-08,5.9275862e-08,8.774191e-09,0.9999999,8.461974e-09
3100,daisy,5.1884766e-05,0.9998824,3.968426e-07,6.473591e-05,6.2663486e-07
3101,daisy,0.9999611,2.4926048e-05,3.5985904e-06,2.1417786e-06,8.2382185e-06
3102,daisy,0.22766641,0.0014473366,0.0021578993,0.0028996505,0.7658287
3103,daisy,0.9999267,5.5404438e-05,3.6533415e-06,1.0696889e-05,3.5804326e-06
3104,daisy,1.0,4.4126008e-10,1.7201147e-09,1.7999795e-09,4.154123e-09
3105,daisy,0.0006133968,0.0005283873,0.00046924915,0.00053414603,0.9978548
3106,daisy,0.05392655,0.7587065,0.016300132,0.061634224,0.1094326
3107,daisy,0.9974248,0.00028728653,0.0008160783,0.000912235,0.00055960746
3108,daisy,4.934469e-07,0.99999726,4.6613818e-07,4.3777808e-07,1.3607303e-06
3109,daisy,1.1180117e-05,5.848567e-07,4.0195904e-05,6.6941147e-06,0.99994135
3110,daisy,6.252189e-05,2.1679964e-05,0.5922766,4.047512e-05,0.4075988
3111,daisy,1.6632865e-05,0.99996215,9.615883e-06,5.055622e-06,6.602318e-06
3112,daisy,1.39936765e-05,0.99998283,1.5914848e-06,8.0816915e-07,8.373193e-07
3113,daisy,0.1466699,0.0036216355,0.0096756425,0.033307396,0.8067255
3114,daisy,0.9998911,8.1255375e-06,8.142902e-05,1.0333241e-05,9.092982e-06
3115,daisy,9.84644e-06,5.021103e-07,0.9713313,5.44563e-07,0.028657764
3116,daisy,3.6217983e-07,7.199822e-08,4.7434318e-07,0.99999905,5.209281e-08
3117,daisy,4.6624653e-05,0.00010696765,0.00026432375,0.000121904115,0.9994602
3118,daisy,0.00014575044,0.9998255,1.1682721e-05,1.0377446e-05,6.7013593e-06
3119,daisy,5.2869473e-05,5.6060137e-05,4.0985497e-06,0.99987763,9.3783465e-06
3120,daisy,0.014502356,6.42845e-05,0.005761849,8.877877e-05,0.9795828
3121,daisy,2.1249649e-09,1.4588261e-10,8.7763496e-10,7.426538e-10,1.0
3122,daisy,0.0007093264,0.00013069288,0.794511,0.0003545598,0.20429444
3123,daisy,4.207009e-08,5.2284327e-07,2.012261e-08,0.99999934,1.2687025e-07
3124,daisy,0.0016441429,0.00028772416,0.861472,0.00037467486,0.13622144
3125,daisy,0.8988312,0.07994815,0.0020321584,0.014436131,0.004752405
3126,daisy,4.7254744e-05,1.0005171e-05,0.99508893,1.8879575e-05,0.0048349635
3127,daisy,1.3129696e-06,0.9999983,9.3681706e-08,9.346935e-08,2.215158e-07
3128,daisy,3.4072145e-06,0.9999878,1.6880928e-06,5.669228e-06,1.4562034e-06
3129,daisy,0.00029102626,0.00013411479,0.004515046,0.00035239346,0.99470747
3130,daisy,0.0026307611,0.81266993,0.00025467813,0.1830397,0.0014050223
3131,daisy,0.019952472,0.37567815,0.00046092327,0.6027566,0.0011518281
3132,daisy,1.1296635e-06,7.2406706e-08,1.3079814e-06,4.876707e-07,0.999997
3133,daisy,0.00010301873,6.8675736e-06,0.98511887,1.2016378e-05,0.014759178
3134,daisy,4.091423e-06,1.0080772e-05,1.4625973e-05,2.4244326e-05,0.99994695
3135,daisy,1.6199643e-06,0.99999607,1.0140795e-06,5.900631e-07,6.8689707e-07
3136,daisy,4.8900838e-11,1.0534207e-11,3.5699625e-12,1.0,1.8713144e-11
3137,daisy,0.00015386357,0.99980813,8.9496825e-06,7.431396e-06,2.1607286e-05
3138,daisy,0.00020962833,6.0039707e-05,0.00014202783,0.9995621,2.6244335e-05
3139,daisy,0.0322959,0.014892382,0.51954925,0.02584725,0.40741515
3140,daisy,1.1520739e-05,0.9999655,6.671247e-06,5.702804e-06,1.06425e-05
3141,daisy,4.9629674e-09,4.853126e-09,5.964217e-10,1.0,1.4177053e-09
3142,daisy,0.00344951,0.19005004,0.0009952642,0.805226,0.0002792136
3143,daisy,0.003709589,0.0010572497,0.96002704,0.001444593,0.033761594
3144,daisy,0.9970686,0.0008007302,0.00083920977,0.00027510707,0.0010163983
3145,daisy,0.00029698925,0.99238646,0.00022275427,0.0067959996,0.00029780858
3146,daisy,2.0125617e-06,5.027838e-06,1.4771385e-07,0.999992,8.879562e-07
3147,daisy,0.008392957,0.0010009076,0.9675077,0.0010578812,0.02204049
3148,daisy,0.07531025,0.086098656,0.5514361,0.0038423366,0.28331262
3149,daisy,0.048555635,0.021321964,0.23403673,0.09603468,0.60005105
3150,daisy,1.2537328e-05,4.4320427e-07,5.850909e-05,1.1692657e-06,0.99992734
3151,daisy,0.13242146,0.030029198,0.37166268,0.1805546,0.28533208
3152,daisy,0.00022114467,0.9997619,6.161158e-06,5.0643425e-06,5.763043e-06
3153,daisy,5.2483585e-05,1.38164005e-05,0.0069825365,2.1077423e-05,0.9929301
3154,daisy,0.99999905,5.8190288e-08,7.3705047e-07,7.0204834e-08,1.3496063e-07
3155,daisy,0.025570506,0.014213833,0.5476321,0.039925523,0.37265792
3156,daisy,0.99999255,3.1165305e-07,3.1949453e-06,2.8728214e-06,1.0208927e-06
3157,daisy,0.00038959374,6.7598674e-05,0.0003341477,0.00018658614,0.999022
3158,daisy,0.20458941,0.78448284,0.0009814441,0.00394027,0.006006006
3159,daisy,0.05790975,0.0029226523,0.009423574,0.013666046,0.916078
3160,daisy,0.0005403281,0.9993636,1.5059923e-05,6.896082e-05,1.20531095e-05
3161,daisy,0.9998559,1.7848959e-06,0.00013010204,1.9715656e-06,1.0233602e-05
3162,daisy,1.24706e-05,4.652025e-06,0.68206143,1.7744636e-06,0.31791967
3163,daisy,5.9082424e-05,8.473553e-06,2.1451746e-05,5.4775875e-05,0.9998562
3164,daisy,0.15475678,0.83056945,0.0007431684,0.0072275638,0.006703039
3165,daisy,0.999992,2.3479556e-07,1.9433028e-06,3.2167395e-07,5.4824586e-06
3166,daisy,8.84905e-07,5.807282e-07,7.1837922e-09,0.99999845,2.3446617e-08
3167,daisy,0.02052017,0.024372157,0.01027913,0.2553813,0.6894473
3168,daisy,0.999953,1.1859009e-05,1.8874305e-05,2.0274392e-06,1.4197732e-05
3169,daisy,4.3211976e-08,5.7825453e-08,6.139498e-09,0.9999998,5.3438733e-08
3170,daisy,6.0768776e-05,0.99991477,2.6830317e-06,1.6535569e-05,5.30519e-06
3171,daisy,0.112794876,0.17046621,0.042116188,0.039742872,0.63487995
3172,daisy,0.0064270822,0.0005715525,0.32157597,0.004687681,0.66673774
3173,daisy,6.5021646e-09,1.3214589e-07,1.7302936e-09,0.9999998,1.41592125e-08
3174,daisy,0.0010915666,0.9971692,0.00034817422,0.0011310661,0.000260047
3175,daisy,0.0010310961,0.00032245947,0.5096688,0.00019596796,0.4887817
3176,daisy,5.8884705e-08,0.9999998,7.466703e-08,6.6420895e-08,6.250396e-08
3177,daisy,0.0020753434,0.0015319828,0.0006826372,0.9913066,0.0044034696
3178,daisy,0.00034802067,0.9992315,7.757483e-05,0.00012970105,0.00021328652
3179,daisy,0.049415044,0.82351196,0.078288525,0.026253346,0.022531176
3180,daisy,1.2247001e-06,1.3445768e-07,1.9167364e-05,4.0892297e-07,0.999979
3181,daisy,1.33258845e-05,0.99995804,3.3485235e-06,1.8622592e-05,6.651166e-06
3182,daisy,0.00073431624,0.00022514215,0.99497974,0.00028354416,0.003777301
3183,daisy,3.416124e-05,0.99992263,6.2857e-06,2.4147852e-05,1.2803891e-05
3184,daisy,0.0020898585,0.0013191766,0.3015207,0.0035219863,0.6915483
3185,daisy,0.0013084629,0.0001798944,0.009090811,0.00049891626,0.98892194
3186,daisy,0.9850904,8.3765015e-05,0.00021711888,0.014226185,0.00038260786
3187,daisy,0.68679696,0.0025638733,0.16681993,0.03016913,0.11365012
3188,daisy,0.0013577932,0.0028478187,0.017287225,0.0035263908,0.9749807
3189,daisy,4.0945476e-12,4.545863e-12,3.5335646e-14,1.0,2.9511927e-12
3190,daisy,4.5065837e-05,1.37531315e-05,2.367088e-05,7.9414975e-05,0.9998382
3191,daisy,9.477216e-09,1.529803e-09,6.955826e-09,2.4153241e-08,1.0
3192,daisy,0.99999964,2.4663152e-07,2.1294337e-08,7.172986e-08,1.2542472e-08
3193,daisy,5.7988556e-05,0.9998571,8.531596e-06,6.946991e-05,6.8412314e-06
3194,daisy,0.02493542,0.019284483,0.62911403,0.04392788,0.2827382
3195,daisy,0.09517091,0.040088635,0.71396744,0.035671324,0.11510165
3196,daisy,7.1339616e-07,0.9999983,5.335454e-07,2.6425926e-07,2.3029295e-07
3197,daisy,2.578589e-07,4.9976943e-08,3.2347768e-07,1.3126176e-07,0.9999992
3198,daisy,0.99991953,3.905742e-05,1.6016602e-05,1.2985431e-05,1.2478803e-05
3199,daisy,0.0006065473,0.9983371,0.0001774161,0.0006503567,0.0002285942
3200,daisy,0.0004542265,2.8109696e-05,0.0002658322,0.00041782827,0.998834
3201,daisy,6.8293554e-07,0.9999982,1.7799803e-07,6.915371e-07,2.8215524e-07
3202,daisy,0.9999957,7.8192096e-07,1.0669777e-06,5.9751494e-07,1.8395698e-06
3203,daisy,0.8309488,0.11067264,0.01811707,0.018362328,0.021899085
3204,daisy,2.6754915e-06,2.2266177e-06,4.740789e-07,0.9999917,2.9028906e-06
3205,daisy,0.9999565,2.5627956e-05,5.5714763e-06,4.4938834e-06,7.83165e-06
3206,daisy,1.6549544e-06,1.019618e-05,3.1939163e-07,0.99998647,1.3589494e-06
3207,daisy,4.4422713e-08,1.1786865e-08,1.419466e-07,1.2311281e-08,0.9999998
3208,daisy,1.977055e-05,2.125525e-06,0.00011951277,1.828641e-05,0.9998404
3209,daisy,0.048525415,0.21926904,0.071495995,0.043985497,0.61672413
3210,daisy,0.0010151167,0.99602383,0.0012854749,0.00021796967,0.001457624
3211,daisy,0.99958193,0.00031706176,4.8753118e-05,4.0541017e-05,1.16506935e-05
3212,daisy,1.0,1.1490728e-09,3.243342e-09,1.0561508e-09,5.625568e-09
3213,daisy,0.9999626,7.97949e-07,1.3855162e-05,1.0062664e-06,2.1775177e-05
3214,daisy,0.9907112,0.0026121885,0.0034244482,0.00022404485,0.0030281404
3215,daisy,1.022675e-05,1.8525973e-06,0.0008788551,2.3166035e-06,0.9991067
3216,daisy,0.044631243,0.008638662,0.827376,0.01397631,0.10537783
3217,daisy,0.9999901,8.550595e-06,2.2913737e-07,9.522485e-07,2.161518e-07
3218,daisy,9.369324e-06,2.9289172e-06,0.61363333,1.1995792e-05,0.38634235
3219,daisy,1.666047e-06,4.663209e-07,1.7289701e-06,0.9999949,1.2442924e-06
3220,daisy,0.98503053,0.0033602766,0.0017188562,0.0026073952,0.007282888
3221,daisy,1.2896839e-05,0.999969,4.3706823e-06,1.1697206e-05,2.0757557e-06
3222,daisy,0.04331217,0.081704006,0.030204168,0.70690143,0.13787821
3223,daisy,0.00016786238,0.99956644,4.1511554e-05,0.00019258991,3.1585463e-05
3224,daisy,0.9994341,0.0001193702,0.00018850647,0.00010671189,0.00015130015
3225,daisy,0.0021935492,0.9954627,0.001543135,0.0004948483,0.0003057723
3226,daisy,0.0014532332,0.00017139976,0.24820824,0.00028217706,0.74988496
3227,daisy,2.9964547e-06,2.670734e-07,2.5453122e-05,1.8634167e-06,0.9999695
3228,daisy,7.249477e-07,6.000183e-08,9.661477e-06,1.0678568e-06,0.99998856
3229,daisy,0.96854305,0.0034657572,0.006365166,0.002224733,0.019401263
3230,daisy,0.0067717573,0.010981154,0.8014075,0.004557425,0.17628211
3231,daisy,0.20134608,0.0013337156,0.77153146,0.00078425463,0.025004452
3232,daisy,2.5939607e-05,1.2023625e-05,2.8689716e-05,3.5292793e-05,0.9998981
3233,daisy,0.048593976,0.8645571,0.0270163,0.020392688,0.039439917
3234,daisy,0.0010144563,0.00036898605,0.6065815,0.002039934,0.38999516
3235,daisy,0.00080037786,0.99664897,0.00015292678,0.0022197792,0.00017802963
3236,daisy,7.98692e-05,1.6891843e-05,0.046988375,3.0708008e-05,0.9528842
3237,daisy,0.99978733,6.03715e-05,2.940683e-05,6.8237e-05,5.468601e-05
3238,daisy,0.2849483,0.71227443,6.0980616e-05,0.0005893496,0.002127021
3239,daisy,0.9997324,2.7384196e-05,7.629305e-05,1.3587314e-05,0.00015029739
3240,daisy,2.334716e-05,0.9999302,8.919167e-06,2.9091583e-05,8.426168e-06
3241,daisy,9.9728815e-05,0.98100615,6.243291e-05,0.018712956,0.000118693126
3242,daisy,8.34551e-09,4.1639368e-08,5.3912635e-10,1.0,3.9947765e-09
3243,daisy,2.5838446e-12,5.618714e-13,1.0765676e-13,1.0,5.392621e-13
3244,daisy,7.386472e-07,0.9999992,1.1885758e-08,5.46479e-08,1.4768624e-08
3245,daisy,0.004926569,0.02981911,0.0028451388,0.80919725,0.1532119
3246,daisy,1.9708747e-05,0.9999665,3.8934113e-06,4.194561e-06,5.6653034e-06
3247,daisy,0.99241704,0.005796774,0.0009401216,0.0003093315,0.0005367199
3248,daisy,0.0017720691,0.996134,0.00025643612,0.0016227433,0.00021476918
3249,daisy,0.0004476732,0.0016090408,4.5699533e-05,0.012121443,0.9857761
3250,daisy,1.1817649e-07,9.25383e-09,3.548412e-09,0.9999998,2.7892664e-08
3251,daisy,0.9999981,5.729092e-08,4.617922e-07,2.2143025e-08,1.3267617e-06
3252,daisy,0.019748524,0.024685508,0.0025841673,0.0018830728,0.95109874
3253,daisy,0.00093619246,7.764761e-05,0.94157475,0.00052022294,0.05689118
3254,daisy,0.014395351,0.80269396,0.023710284,0.0016092606,0.15759122
3255,daisy,4.4569896e-07,6.905472e-08,2.7425642e-07,6.739459e-07,0.99999857
3256,daisy,6.3209444e-07,7.45582e-08,0.00011473587,3.2837664e-07,0.99988425
3257,daisy,0.9982271,3.130109e-05,0.00047372648,0.0011485461,0.000119329954
3258,daisy,0.007965525,0.99039096,0.00061024114,0.0006733207,0.0003599849
3259,daisy,0.26564896,0.0015227541,0.0057149515,0.00021169105,0.72690165
3260,daisy,0.00025244922,0.01690644,3.9171173e-05,0.9827784,2.3565304e-05
3261,daisy,0.032829657,0.044936024,0.21564019,0.6768135,0.02978062
3262,daisy,0.0061622774,0.0035601319,0.6037902,0.010518275,0.3759691
3263,daisy,1.849555e-06,0.999997,3.3438803e-07,3.1450858e-07,4.4971006e-07
3264,daisy,1.0364356e-07,0.9999997,1.12545386e-07,3.4990354e-08,9.144451e-08
3265,daisy,0.0016375517,0.9894906,0.00044045472,0.007735917,0.0006954753
3266,daisy,1.3351157e-06,1.6076065e-05,4.7912187e-07,0.9999789,3.1688073e-06
3267,daisy,8.048899e-07,0.99999684,7.090669e-07,5.0020526e-07,1.150104e-06
3268,daisy,4.9489124e-09,5.2938354e-10,1.3236888e-08,2.5735578e-09,1.0
3269,daisy,0.3455868,0.3342687,0.003407897,0.286752,0.029984603
3270,daisy,0.91620505,0.00072855275,0.06820749,0.0014051145,0.013453895
3271,daisy,1.4065812e-08,1.0,9.479324e-09,7.3228383e-09,1.4034043e-08
3272,daisy,1.8159299e-05,3.1304585e-06,0.075760946,6.832705e-06,0.9242109
3273,daisy,3.512239e-08,1.216213e-08,0.99953973,6.8541297e-09,0.00046016407
3274,daisy,0.99987394,3.3933018e-05,3.72781e-05,3.601786e-05,1.8905715e-05
3275,daisy,0.9856426,0.00068750314,0.0007559901,0.01256333,0.00035051783
3276,daisy,0.010963124,0.019274032,0.0051000756,0.01522108,0.94944173
3277,daisy,7.190739e-05,0.9998833,5.3690183e-06,2.6614875e-05,1.2792957e-05
3278,daisy,1.5842883e-06,0.9999975,3.0548324e-07,2.0240779e-07,4.3108452e-07
3279,daisy,0.6270386,0.001357818,0.26942113,0.0037988399,0.09838359
3280,daisy,0.0010175533,0.99761665,0.00037740447,0.00044636257,0.0005420276
3281,daisy,2.406769e-05,0.9999439,1.6990483e-06,2.7188504e-05,3.1126463e-06
3282,daisy,0.0040895934,0.008065256,0.21381493,0.02607731,0.74795294
3283,daisy,3.793866e-10,6.4264243e-09,2.1137949e-11,1.0,2.0943544e-10
3284,daisy,3.884562e-06,0.9999937,6.133805e-07,1.149793e-06,6.264221e-07
3285,daisy,0.0005267682,0.98453,0.009021858,6.097332e-05,0.0058604144
3286,daisy,0.011261604,0.005946938,0.86186904,0.0041700155,0.11675241
3287,daisy,0.00043370444,0.0002703785,9.604555e-05,0.9985982,0.00060166593
3288,daisy,0.84842426,0.00037562626,0.13468316,0.0031210945,0.013395885
3289,daisy,3.609104e-07,1.6365233e-06,5.7137463e-08,0.9999978,1.233925e-07
3290,daisy,0.86412275,0.11954124,0.010599984,0.0019410398,0.003794935
3291,daisy,4.1650065e-07,0.99999964,1.1079794e-08,2.1843737e-08,1.576773e-08
3292,daisy,2.8001974e-05,0.9999267,9.952849e-06,2.1935295e-05,1.3424465e-05
3293,daisy,0.00021406407,8.557558e-05,0.9913696,0.00015622415,0.008174473
3294,daisy,0.00023365828,0.99369127,2.7915312e-05,0.00153302,0.0045141084
3295,daisy,7.1761075e-05,8.682759e-06,1.5825004e-05,5.0270766e-05,0.9998535
3296,daisy,0.00013490372,3.007975e-05,0.59092224,0.00017427148,0.40873852
3297,daisy,0.00025626447,0.9996794,8.1119115e-06,3.8015565e-05,1.8286202e-05
3298,daisy,3.1356372e-05,2.109053e-05,6.0852362e-06,0.9999245,1.6988157e-05
3299,daisy,0.032759167,0.0043560723,0.94021875,0.0027587027,0.019907303
3300,daisy,5.480945e-06,0.99999046,7.079872e-07,2.5292843e-06,8.270832e-07
3301,daisy,0.090467915,0.020149248,0.0018884124,0.8828108,0.0046836482
3302,daisy,0.20477672,0.7944275,0.00057125173,0.00010012826,0.00012439878
3303,daisy,0.0030808393,0.00074059237,0.49283424,0.0014152781,0.501929
3304,daisy,0.0034742984,0.00014482668,0.0007783521,5.163154e-05,0.99555093
3305,daisy,0.9674641,0.030448904,0.000784475,0.00073168083,0.00057088415
3306,daisy,3.8392707e-05,6.6469647e-06,2.65709e-07,0.9999542,5.195533e-07
3307,daisy,2.126956e-06,0.9999937,1.729081e-06,1.1310103e-06,1.3703399e-06
3308,daisy,0.17578402,0.032475688,0.047020108,0.17679547,0.56792474
3309,daisy,0.9999844,7.1526715e-06,4.247824e-06,6.0434303e-07,3.6529916e-06
3310,daisy,0.00019383681,0.9996747,2.8715565e-05,2.9940555e-05,7.2769755e-05
3311,daisy,0.99997985,1.0581547e-06,3.27565e-06,1.3990133e-05,1.7939565e-06
3312,daisy,0.000102786595,9.1258386e-05,0.353665,0.00010575871,0.64603525
3313,daisy,0.00043991115,4.2910884e-05,0.8056418,0.000103021135,0.19377238
3314,daisy,0.9770956,0.018759603,0.00083809084,0.0015928956,0.0017138692
3315,daisy,5.8975227e-05,0.9999294,2.4557316e-06,5.9218396e-06,3.2524779e-06
3316,daisy,0.9999997,3.115e-08,6.9730035e-08,4.9310596e-08,1.3954813e-07
3317,daisy,1.329779e-05,0.9998253,1.5901766e-06,0.00015608902,3.75735e-06
3318,daisy,2.3419093e-06,0.99998015,5.1292586e-06,3.7600657e-06,8.607012e-06
3319,daisy,0.9999938,3.717451e-07,1.5214839e-06,1.9698768e-06,2.308047e-06
3320,daisy,0.9992176,4.9593575e-05,0.00043937535,5.6291734e-05,0.00023709094
3321,daisy,0.00039710553,0.00013355893,0.8370147,0.00024101845,0.16221365
3322,daisy,8.950455e-06,3.428098e-05,1.9246395e-06,0.99994814,6.668712e-06
3323,daisy,1.1101104e-05,4.2403726e-06,0.9978447,6.88387e-06,0.0021331168
3324,daisy,0.0007831347,0.00027638435,0.0004837361,0.1549299,0.84352684
3325,daisy,2.7316887e-06,0.99999446,7.5689275e-07,7.920074e-07,1.315699e-06
3326,daisy,0.0018823023,0.9974449,0.00028608457,0.00032119825,6.54795e-05
3327,daisy,0.00072412624,0.00032696975,0.47558728,0.0002857586,0.5230759
3328,daisy,1.1555229e-06,0.99999636,4.0425547e-07,1.1242638e-06,9.500207e-07
3329,daisy,1.7855318e-05,0.999948,1.1063477e-05,1.4744424e-05,8.3200875e-06
3330,daisy,0.31335968,0.02211132,0.34256992,0.0130003635,0.30895874
3331,daisy,0.00013456553,1.5591464e-05,0.97272575,3.6484733e-05,0.027087623
3332,daisy,0.9999999,1.6670159e-08,2.9490485e-08,1.8457076e-08,6.573335e-08
3333,daisy,1.2689798e-06,7.722736e-06,2.8310404e-07,0.9999901,6.807211e-07
3334,daisy,0.04656679,0.003074775,0.0029594642,0.7249182,0.22248082
3335,daisy,0.002798305,0.9965664,0.00033739943,0.00012995565,0.00016792178
3336,daisy,0.48528838,6.779186e-07,5.4637945e-07,0.51470983,4.977465e-07
3337,daisy,0.999975,6.525851e-06,7.205078e-06,4.193075e-06,7.0977885e-06
3338,daisy,6.135188e-05,6.501654e-06,0.00030691063,3.2569595e-05,0.99959266
3339,daisy,1.1103809e-07,2.033685e-08,0.9997013,4.2000543e-08,0.0002985089
3340,daisy,1.5922534e-08,1.1811117e-09,8.4346585e-10,1.0,7.2806905e-10
3341,daisy,0.00070621644,0.9985024,0.00018887708,0.00040278793,0.0001998009
3342,daisy,0.9999997,9.479682e-09,1.9940276e-07,1.2718988e-08,9.332645e-08
3343,daisy,0.8721568,0.07258977,0.025633961,0.009210201,0.02040926
3344,daisy,5.1813804e-05,0.9991495,1.3111983e-05,0.00076710864,1.841359e-05
3345,daisy,2.7910568e-05,0.9999504,6.1971923e-06,9.7065285e-06,5.7838606e-06
3346,daisy,0.9982254,0.0016176502,6.8688045e-05,3.817067e-05,5.0092272e-05
3347,daisy,1.2128497e-08,7.8640106e-10,1.8918666e-08,2.3348714e-09,1.0
3348,daisy,0.07399438,0.008113121,0.81299734,0.0067475876,0.098147616
3349,daisy,0.002344748,0.0010334117,0.6765791,0.0013568643,0.3186858
3350,daisy,0.9982107,0.0008316979,0.0003774713,0.00034071645,0.00023942851
3351,daisy,3.087126e-08,1.0,6.1877037e-09,7.483724e-09,4.3075463e-09
3352,daisy,0.0001699824,0.00016072733,4.5587412e-06,0.99963033,3.4350698e-05
3353,daisy,3.7279617e-05,0.99990976,2.2751714e-05,1.7035372e-05,1.3171128e-05
3354,daisy,0.00029502442,9.552415e-05,0.96373874,0.00019606063,0.035674706
3355,daisy,1.5749274e-05,1.8449573e-06,0.00086469203,1.1319821e-05,0.9991064
3356,daisy,0.0008842213,0.9970396,0.0004227475,0.0010287672,0.00062461814
3357,daisy,0.0131491665,0.012513816,0.016605008,0.052437853,0.90529424
3358,daisy,0.089585535,0.037343927,0.4506094,0.02024601,0.4022151
3359,daisy,0.99683666,1.5772392e-05,3.685247e-05,1.8652821e-05,0.003092104
3360,daisy,0.17729178,0.8101839,0.0072214147,0.003793131,0.0015097357
3361,daisy,0.0002477206,1.9185336e-05,0.0027911556,4.431932e-05,0.9968977
3362,daisy,0.00073232164,0.00017784188,0.70498955,0.00066195545,0.29343837
3363,daisy,0.0013837719,2.6285174e-05,0.00014808324,1.4416332e-05,0.9984275
3364,daisy,0.9998287,0.00016872886,8.234774e-07,6.1227985e-07,1.1021855e-06
3365,daisy,0.99998844,2.3089426e-07,7.0595743e-06,1.7083979e-06,2.5535846e-06
3366,daisy,0.0005284583,0.9984976,0.00061941677,0.00017311223,0.00018140057
3367,daisy,0.00043664547,0.00010496649,1.6250178e-05,0.9994113,3.085956e-05
3368,daisy,1.6627275e-09,1.1639208e-10,1.0725272e-09,1.0,1.1421741e-10
3369,daisy,0.007455674,0.002257572,0.11420427,0.004332381,0.8717502
3370,daisy,0.00067561,0.8234766,0.0017211873,0.0005820633,0.17354456
3371,daisy,1.0994142e-06,0.9999975,4.5251733e-07,5.032048e-07,4.1113373e-07
3372,daisy,0.013433548,0.0020286348,0.8682548,0.0018444583,0.11443859
3373,daisy,1.3873929e-05,0.9999483,2.3130997e-06,2.5766323e-05,9.735991e-06
3374,daisy,2.8715098e-07,0.9999994,8.0924835e-08,5.9051438e-08,6.813482e-08
3375,daisy,2.614529e-05,0.9999321,1.3966253e-05,1.8811226e-05,9.028327e-06
3376,daisy,0.041282613,0.36141577,0.032254674,0.16845772,0.39658922
3377,daisy,0.0003592728,0.9995209,2.4616349e-05,3.87335e-05,5.6556968e-05
3378,daisy,8.572645e-05,1.2656295e-05,0.00045416737,2.764881e-05,0.9994198
3379,daisy,8.915419e-05,0.9994461,2.9050802e-06,0.00044091447,2.0850759e-05
3380,daisy,1.4938511e-06,5.4106267e-06,7.275703e-08,0.9999927,2.771796e-07
3381,daisy,0.9998312,6.525814e-05,8.0274745e-05,5.336087e-06,1.7881348e-05
3382,daisy,0.9999889,6.093688e-07,3.7086288e-06,3.5734956e-06,3.1914376e-06
3383,daisy,3.0769406e-06,4.1480243e-06,5.105491e-07,0.9999889,3.350748e-06
3384,daisy,1.5244417e-05,0.99998015,1.2301946e-06,1.8737448e-06,1.4356634e-06
3385,daisy,0.0015646091,0.992813,0.0012706483,0.0032472785,0.0011045083
3386,daisy,2.2723629e-05,8.956348e-06,9.0872505e-05,4.4553453e-05,0.9998329
3387,daisy,9.209649e-05,3.662519e-05,0.0016391635,3.5757188e-05,0.9981963
3388,daisy,0.0014736237,0.00069380616,0.9949373,0.00033541053,0.002559774
3389,daisy,0.531203,0.026010018,0.25904983,0.0050198687,0.17871732
3390,daisy,2.1911974e-05,2.6767946e-06,0.9998312,1.7983172e-06,0.00014235993
3391,daisy,0.999983,1.8077619e-06,6.4849482e-06,6.6659313e-06,2.0343641e-06
3392,daisy,5.8397046e-07,0.9999981,5.0625556e-07,3.3966168e-07,4.866663e-07
3393,daisy,1.5623019e-07,0.9999998,1.3281612e-08,2.2143153e-08,5.5195093e-09
3394,daisy,0.05486346,0.37057632,0.008637939,0.5229958,0.042926535
3395,daisy,9.810667e-06,2.8510156e-06,0.67025363,7.180948e-06,0.32972646
3396,daisy,0.0038896475,0.0036330014,0.6145307,0.017740492,0.36020607
3397,daisy,1.261452e-07,0.99999964,5.4296446e-08,7.517742e-08,1.1968966e-07
3398,daisy,0.11772963,0.8693646,0.00293141,0.006547761,0.0034264629
3399,daisy,7.318444e-05,0.99985754,1.9081057e-05,2.0041542e-05,3.0114577e-05
3400,daisy,7.0333584e-08,8.283175e-10,2.4105063e-07,1.6919511e-08,0.99999964
3401,daisy,6.7954606e-06,0.00022380255,1.6664957e-06,0.999753,1.474474e-05
3402,daisy,0.0032651902,0.9837922,0.00095788564,0.010134259,0.0018505249
3403,daisy,0.46823683,0.26537672,0.046148304,0.20726979,0.012968396
3404,daisy,0.01249259,0.00929276,0.35339552,0.010815261,0.61400384
3405,daisy,0.3044857,0.025945976,0.32927498,0.022553498,0.31773978
3406,daisy,0.036678575,0.120331444,0.39784446,0.008397075,0.43674842
3407,daisy,0.011064358,0.9679173,0.0015253767,0.01572862,0.003764232
3408,daisy,0.00012749532,0.457165,1.6768841e-05,0.54263383,5.6900237e-05
3409,daisy,3.3677425e-05,7.8559024e-05,5.9313434e-06,0.9998256,5.6228095e-05
3410,daisy,5.601925e-05,0.9999011,5.3231446e-07,4.1382773e-05,1.0463733e-06
3411,daisy,0.0048701195,0.00068252423,0.65263605,0.0014907061,0.3403207
3412,daisy,0.00021968901,0.00014364292,0.79324895,0.00010421572,0.20628354
3413,daisy,0.0010718796,0.0009922625,0.49895793,0.0013694512,0.49760848
3414,daisy,0.0012203434,0.99784917,2.292109e-05,0.0008840842,2.3457931e-05
3415,daisy,4.851931e-05,0.99994004,2.1340827e-06,6.8668805e-07,8.651088e-06
3416,daisy,0.8403435,0.0001806049,0.003608433,0.00039557283,0.15547194
3417,daisy,1.544619e-05,0.00082770607,7.319236e-06,0.9991232,2.6317415e-05
3418,daisy,8.20585e-05,2.5027597e-05,0.0060551413,3.869537e-05,0.99379903
3419,daisy,1.1025551e-05,2.106779e-06,1.3290273e-05,1.5311347e-06,0.99997205
3420,daisy,8.3785517e-07,2.9536275e-07,0.99385035,2.669955e-07,0.0061481763
3421,daisy,5.076451e-06,0.9999908,1.3679881e-06,1.5002363e-06,1.1650733e-06
3422,daisy,0.29484448,0.00037989806,0.6714764,0.00087935466,0.032419845
3423,daisy,0.00033240908,0.0011132818,0.0013446151,0.0007251137,0.9964846
3424,daisy,3.5983245e-09,6.19968e-08,3.7277004e-10,1.0,6.140863e-09
3425,daisy,0.99999255,1.0987102e-07,2.0957334e-06,7.199905e-08,5.1170928e-06
3426,daisy,0.00014069681,4.494782e-05,0.14711317,9.54122e-05,0.8526058
3427,daisy,0.0006783455,9.560726e-05,0.6311704,0.0017340345,0.36632162
3428,daisy,0.03600823,0.008309608,0.010798061,0.111491546,0.8333925
3429,daisy,0.9999863,9.622222e-07,6.3076636e-06,1.3286297e-06,5.1041434e-06
3430,daisy,0.9999999,1.3298962e-09,1.37822465e-08,2.5505131e-09,6.1283366e-08
3431,daisy,0.003686174,0.0011227696,0.035377637,0.006588233,0.95322514
3432,daisy,0.00023340472,0.999488,6.720035e-05,0.0001862001,2.5207311e-05
3433,daisy,0.019091837,0.9759909,0.0010216786,0.0029674484,0.00092822686
3434,daisy,7.508147e-08,7.323588e-09,9.131076e-11,0.9999999,5.0697313e-10
3435,daisy,0.0011288755,0.00027121752,0.002210392,0.00040088006,0.99598867
3436,daisy,0.9993901,9.075309e-05,0.00014203732,0.0003005701,7.6590746e-05
3437,daisy,0.022027573,0.0066738776,0.65570265,0.008824776,0.3067712
3438,daisy,0.9898531,0.00024483193,0.0028273147,0.0024952423,0.004579397
3439,daisy,6.1562764e-09,1.5329874e-09,3.985901e-08,4.045356e-09,1.0
3440,daisy,4.877464e-06,8.326624e-07,2.89342e-08,0.9999943,4.0310443e-08
3441,daisy,5.233325e-06,5.9831027e-06,9.293988e-06,1.2543363e-05,0.999967
3442,daisy,0.464235,0.17619674,2.6563115e-05,0.3595193,2.2382306e-05
3443,daisy,0.9998652,0.0001225832,1.7623137e-06,9.955425e-06,6.2871175e-07
3444,daisy,6.3858374e-06,0.9999865,2.905034e-06,2.7692568e-06,1.3551189e-06
3445,daisy,0.0063216365,0.9932124,0.00029612752,0.000112229995,5.756537e-05
3446,daisy,0.00029268165,0.0037194975,5.2514304e-05,0.9958094,0.00012593389
3447,daisy,4.6480563e-06,1.2811297e-06,1.6870227e-07,0.99999344,4.853349e-07
3448,daisy,4.9950213e-09,2.2673458e-08,8.200957e-10,1.0,1.6766535e-08
3449,daisy,0.015649166,0.003752806,0.13764471,0.007984313,0.83496904
3450,daisy,5.736272e-07,7.5966e-07,2.763238e-06,3.2927342e-06,0.99999255
3451,daisy,0.00016879544,0.001057748,0.0004567168,0.9973774,0.0009393754
3452,daisy,0.9999903,3.531582e-07,5.859878e-06,1.7331444e-06,1.8503355e-06
3453,daisy,4.1415773e-05,1.535425e-05,1.475676e-05,0.00014227346,0.9997862
3454,daisy,0.003279,0.0011567285,0.7151688,0.0011281141,0.2792674
3455,daisy,1.0974594e-11,1.3454066e-11,1.1328469e-12,1.0,1.4298322e-11
3456,daisy,0.0013290726,0.00047184466,0.033675455,0.0011113851,0.9634123
3457,daisy,1.8447516e-05,3.6126945e-05,4.3460295e-07,0.99994314,1.8153851e-06
3458,daisy,8.7764536e-05,1.5392716e-05,0.9813307,8.629931e-05,0.018479813
3459,daisy,4.0233272e-07,0.99999887,2.2806879e-07,2.170865e-07,3.8451716e-07
3460,daisy,0.0002050208,8.584127e-05,0.9996068,4.1254316e-05,6.1142455e-05
3461,daisy,1.1001931e-06,1.1164724e-07,1.2605976e-06,3.9102193e-07,0.99999714
3462,daisy,8.373419e-06,2.4412059e-06,0.99341744,5.1174948e-06,0.006566624
3463,daisy,1.8261741e-06,5.2087547e-08,8.944386e-08,0.99999505,2.979337e-06
3464,daisy,0.031203115,0.010918488,0.7979221,0.007996232,0.1519601
3465,daisy,1.2904426e-05,0.999977,2.636122e-06,4.1220387e-06,3.300093e-06
3466,daisy,0.0041851616,0.0007375137,0.68206114,0.0014879943,0.3115282
3467,daisy,0.00018822085,6.161944e-05,0.8747009,0.00010734154,0.12494181
3468,daisy,8.478563e-07,0.9999007,3.8910775e-06,9.306382e-05,1.455902e-06
3469,daisy,0.019901926,0.03230084,0.08237801,0.11670512,0.7487141
3470,daisy,0.00036876148,0.99865896,0.00015964768,0.00026803123,0.0005446125
3471,daisy,1.089895e-05,0.9999753,1.9267316e-06,8.982618e-06,2.84345e-06
3472,daisy,0.95652235,0.04292684,0.0001998281,0.00015334717,0.0001976601
3473,daisy,1.4663249e-05,0.999979,2.0313805e-06,1.8856451e-06,2.4631304e-06
3474,daisy,1.8790992e-07,1.0438198e-07,2.5612457e-07,3.8172375e-06,0.9999956
3475,daisy,1.4123713e-05,0.9999849,3.4507997e-07,3.299847e-07,2.447394e-07
3476,daisy,0.0070405058,0.98834056,0.0003851224,0.0032708463,0.0009629183
3477,daisy,7.814594e-05,1.4367039e-05,0.9927657,6.9966416e-05,0.007071755
3478,daisy,6.128588e-05,1.4952908e-05,0.7622536,2.2506456e-05,0.2376477
3479,daisy,0.099439785,0.15112846,0.08175103,0.0027038949,0.6649768
3480,daisy,4.808755e-07,0.9999992,7.703986e-08,6.747392e-08,1.0041381e-07
3481,daisy,8.0858954e-05,7.8661666e-05,0.00030854176,0.000101776255,0.9994302
3482,daisy,0.038727816,0.14924501,0.02063225,0.04371629,0.74767864
3483,daisy,3.5854998e-06,1.005411e-07,3.1244337e-08,0.9999962,1.1391595e-07
3484,daisy,0.99998665,5.737562e-07,4.6711166e-06,4.834171e-06,3.2849293e-06
3485,daisy,5.7513416e-06,1.0666463e-06,4.7109047e-06,3.2805856e-06,0.9999852
3486,daisy,8.232349e-07,0.9999979,4.4511472e-07,2.9804968e-07,5.7832534e-07
3487,daisy,0.0036661476,0.00084429374,0.9584526,0.0061191213,0.030917818
3488,daisy,9.3591535e-07,9.4462877e-07,2.992502e-08,0.999997,1.069405e-06
3489,daisy,0.0053597833,0.0021022013,0.83611107,0.0036509484,0.15277603
3490,daisy,0.030936297,0.00082132034,0.00046976493,0.9672796,0.0004930292
3491,daisy,5.252883e-07,0.99999905,8.22421e-08,2.5195294e-07,8.658858e-08
3492,daisy,9.949382e-06,7.572931e-06,1.1517795e-05,1.325262e-05,0.9999577
3493,daisy,3.9377674e-06,3.5738236e-07,6.9618204e-07,3.6671786e-06,0.9999913
3494,daisy,0.000476092,0.9994427,1.0314337e-05,4.4001998e-05,2.6894431e-05
3495,daisy,2.0960918e-10,7.3290325e-11,1.0050129e-11,1.0,4.4160835e-11
3496,daisy,1.2798721e-06,0.9999963,5.58295e-07,7.0302764e-07,1.2115065e-06
3497,daisy,0.00012589003,2.0065463e-06,2.0781805e-05,0.99984753,3.828877e-06
3498,daisy,0.97901404,0.0075060264,0.0036792648,0.008528788,0.0012719526
3499,daisy,0.9999997,1.7162355e-07,2.8804456e-08,1.0249187e-07,1.4270205e-08
3500,daisy,2.6893144e-08,0.9999999,2.576482e-08,1.2348991e-08,1.679312e-08
3501,daisy,8.0961047e-07,5.1147122e-08,2.9285466e-06,5.744916e-07,0.9999956
3502,daisy,8.369727e-07,0.99999636,5.65149e-07,9.913024e-07,1.208007e-06
3503,daisy,1.9902102e-06,0.9999968,2.7055012e-07,5.8766415e-07,3.7948334e-07
3504,daisy,0.0008035776,0.99170744,7.055995e-05,0.007327596,9.084143e-05
3505,daisy,0.98042506,7.530217e-05,0.015901973,0.00030063122,0.0032970659
3506,daisy,3.2814056e-05,3.6360586e-06,8.114205e-05,1.282121e-05,0.9998695
3507,daisy,0.0016060071,0.0008796286,0.98838407,0.00061272783,0.008517568
3508,daisy,0.99999696,1.4560133e-07,1.1290676e-06,3.0923317e-08,1.7680534e-06
3509,daisy,0.86381733,0.10676308,0.0051121064,0.02007067,0.0042367494
3510,daisy,0.00034218477,0.99942666,9.035744e-05,6.851512e-05,7.2372386e-05
3511,daisy,3.4032794e-06,4.045378e-07,1.8109887e-07,0.999996,4.4610356e-08
3512,daisy,0.00054576487,0.009873727,0.00038831643,0.9874193,0.0017729426
3513,daisy,3.139467e-09,3.6857994e-09,4.3678253e-10,1.0,2.846134e-10
3514,daisy,1.5993053e-05,0.9999732,2.6108223e-06,5.074943e-06,3.0590459e-06
3515,daisy,9.683491e-09,1.0,6.8692594e-09,8.509245e-09,3.2716194e-08
3516,daisy,0.99048007,0.00039018085,0.0004958947,0.0027821783,0.0058517186
3517,daisy,0.9995991,1.7552771e-05,0.000121419595,1.152219e-05,0.0002503801
3518,daisy,1.31299075e-05,4.29129e-07,3.4333603e-05,1.1130081e-06,0.999951
3519,daisy,0.9933777,0.001143404,0.0006977195,0.000106635875,0.0046745185
3520,daisy,0.9905117,0.0010527229,0.0054539475,0.00047348565,0.0025081423
3521,daisy,0.0008839634,0.00034635013,0.7092925,0.000895652,0.2885816
3522,daisy,0.99790365,7.006457e-05,0.0015712988,5.2700845e-05,0.0004023593
3523,daisy,0.0825894,0.14214501,0.07902165,0.09503818,0.60120577
3524,daisy,0.058353923,0.9401547,2.9959047e-05,0.0014535483,7.984382e-06
3525,daisy,0.032750916,0.0076900534,0.017315764,0.019265447,0.9229778
3526,daisy,0.00087088655,0.00011255963,0.02528682,0.00052640977,0.97320336
3527,daisy,3.3800072e-06,0.9999954,3.3848534e-07,3.5937617e-07,4.59716e-07
3528,daisy,1.3066753e-07,0.99999964,1.5581946e-07,4.015854e-08,4.0096594e-08
3529,daisy,0.00087371934,0.99652064,0.00026767008,0.0013984216,0.0009396084
3530,daisy,3.301565e-10,8.394081e-10,3.8524635e-11,1.0,8.2744187e-11
3531,daisy,0.9967205,0.00028300352,0.0019657137,4.7193862e-05,0.0009835473
3532,daisy,0.0001593424,3.3323977e-05,0.9974343,3.7041813e-05,0.0023359568
3533,daisy,4.4342946e-07,5.112328e-07,5.5136384e-06,1.5423352e-07,0.9999933
3534,daisy,0.000571535,5.340412e-05,0.03383647,0.0001319204,0.9654067
3535,daisy,0.0010305322,0.00014204136,0.5250093,0.00047535455,0.47334275
3536,daisy,0.8854383,0.09173884,0.0058454117,0.014668983,0.002308377
3537,daisy,0.0872375,0.29750437,0.062601805,0.08492927,0.467727
3538,daisy,0.08444514,0.8067026,0.0014818326,0.07206606,0.03530438
3539,daisy,9.819914e-05,0.999846,8.757643e-06,3.600634e-05,1.1047976e-05
3540,daisy,0.007903025,0.9650655,0.0038139436,0.017160533,0.0060569877
3541,daisy,2.861734e-07,0.99999887,1.611015e-07,1.9475064e-07,4.966727e-07
3542,daisy,0.006470874,0.0031163362,0.4286426,0.0014824197,0.56028783
3543,daisy,0.010181423,0.012532088,0.0094310995,0.02987581,0.9379796
3544,daisy,0.00067235215,0.00016648324,0.6440624,0.0011237005,0.35397506
3545,daisy,2.2442302e-05,0.99996567,3.4609304e-06,6.6803086e-06,1.6992541e-06
3546,daisy,1.0509179e-07,1.8690304e-08,3.0429028e-09,0.9999998,4.1176378e-08
3547,daisy,0.00072542444,0.0010534873,0.9662778,0.00028353732,0.03165976
3548,daisy,0.00096795196,0.00044527245,0.8061817,0.0004601852,0.19194491
3549,daisy,2.3870109e-05,0.99997556,2.7376504e-07,1.17183575e-07,2.0700308e-07
3550,daisy,0.0014193837,0.0010974564,0.99068564,0.00070033007,0.0060972376
3551,daisy,0.0005477312,0.99072874,1.299015e-05,0.008679522,3.0975534e-05
3552,daisy,1.558085e-06,0.9999901,1.521651e-06,2.7846438e-06,4.0422187e-06
3553,daisy,1.2372126e-05,1.5712285e-06,4.7542703e-06,7.2173198e-06,0.9999741
3554,daisy,0.9999949,4.884151e-06,5.463756e-08,2.134983e-08,1.7276787e-07
3555,daisy,3.234288e-06,0.99999255,1.9850913e-06,1.4287441e-06,7.579041e-07
3556,daisy,0.0023399252,0.00085216097,0.42254457,0.0013618261,0.57290155
3557,daisy,0.008520387,0.009194689,0.09517164,0.009206553,0.8779067
3558,daisy,2.9068902e-05,2.9166629e-06,6.03928e-05,5.817478e-06,0.9999018
3559,daisy,2.441615e-05,0.99995595,5.958513e-06,5.8864803e-06,7.827119e-06
3560,daisy,3.420988e-05,0.9999385,8.34258e-06,1.0973747e-05,8.035368e-06
3561,daisy,0.6502276,0.0062144967,0.011820529,0.0042895805,0.3274478
3562,daisy,0.001055262,3.8239312e-05,0.9986969,3.0165966e-05,0.0001794013
3563,daisy,0.0010674413,0.99863625,7.071244e-05,4.323521e-05,0.00018235038
3564,daisy,4.5106344e-06,5.930611e-07,8.980581e-05,4.659964e-06,0.99990046
3565,daisy,0.009302229,0.0075050807,0.62775517,0.009934225,0.34550327
3566,daisy,6.1266306e-05,1.0821835e-05,0.00010043041,1.3910333e-05,0.99981356
3567,daisy,0.023108799,0.97240746,0.000408502,0.0033698143,0.0007054165
3568,daisy,0.99999666,5.3353148e-08,7.6144516e-07,2.2705622e-06,2.8275537e-07
3569,daisy,5.5096723e-05,1.3472726e-05,0.602809,2.4364354e-05,0.39709806
3570,daisy,0.0035061736,0.006181277,0.00077094435,0.9877075,0.0018340254
3571,daisy,7.860981e-05,5.0195802e-05,0.00010198801,0.00018032714,0.99958897
3572,daisy,6.0516663e-06,4.779393e-06,1.7821567e-06,0.99998224,5.1696834e-06
3573,daisy,6.002277e-06,3.6530272e-07,1.655164e-05,2.154958e-06,0.9999749
3574,daisy,0.00015069361,3.181524e-05,0.0012190378,0.00014804293,0.9984504
3575,daisy,1.1966503e-05,0.99997854,2.419394e-06,3.7893587e-06,3.2378794e-06
3576,daisy,0.006900712,0.003634096,0.059279405,0.0051102894,0.92507553
3577,daisy,7.0563233e-06,2.7593177e-07,4.167736e-09,0.99999267,2.585627e-08
3578,daisy,0.0019544417,0.99720174,6.545452e-05,0.0006864838,9.1808884e-05
3579,daisy,0.010406047,0.98712635,0.0006642427,0.0006711298,0.0011322657
3580,daisy,0.0049546575,0.00033911155,0.41731483,0.0015050481,0.57588637
3581,daisy,0.0005736778,0.00018259393,0.7985976,9.019139e-05,0.200556
3582,daisy,2.095089e-06,5.164103e-07,0.9999604,3.991754e-07,3.6525802e-05
3583,daisy,9.0170795e-07,0.9999979,8.2589077e-07,9.365745e-08,2.9196562e-07
3584,daisy,1.2630087e-06,0.3869673,1.3247642e-07,0.61303127,3.3003285e-08
3585,daisy,0.99475175,0.00023849045,0.0027993824,0.0006520868,0.0015582733
3586,daisy,7.5732487e-06,7.856087e-06,1.7118294e-06,0.99997824,4.6040886e-06
3587,daisy,0.08468433,0.29981428,0.046690013,0.15244122,0.41637015
3588,daisy,1.718698e-05,8.5016356e-05,1.6485608e-05,0.999843,3.8318372e-05
3589,daisy,0.0004850643,0.9993909,2.9666233e-05,2.7831014e-05,6.6538196e-05
3590,daisy,1.6793198e-05,3.1536656e-05,3.0935146e-06,0.9999356,1.2981289e-05
3591,daisy,0.00024767526,0.9988534,0.00017616409,0.00058454147,0.0001382563
3592,daisy,0.9958677,0.0011967694,0.0005834672,0.00028259493,0.0020693815
3593,daisy,9.1153214e-07,0.99999714,7.22532e-07,8.001499e-07,4.3769765e-07
3594,daisy,0.9235476,0.0731249,0.0017693493,0.0007852718,0.0007728614
3595,daisy,0.007506664,0.99055034,0.00022196435,0.00023545483,0.001485553
3596,daisy,0.0002977419,8.577406e-05,0.003999476,6.123684e-05,0.9955559
3597,daisy,5.093866e-08,2.671341e-09,6.783003e-08,2.0204867e-08,0.9999998
3598,daisy,0.09583171,0.0865313,0.0042760363,0.47175542,0.3416056
3599,daisy,2.8266045e-06,0.9999935,8.319262e-07,1.7239408e-06,1.2032183e-06
3600,daisy,0.0012704197,0.99852926,6.9914924e-05,6.3445164e-05,6.696656e-05
3601,daisy,1.9784197e-06,3.1024635e-07,0.8975204,1.9044594e-06,0.102475405
3602,daisy,1.8985189e-08,8.859322e-09,9.591868e-10,1.0,1.40835095e-08
3603,daisy,3.8792175e-05,6.594758e-06,8.21245e-05,1.2622758e-05,0.9998599
3604,daisy,0.65117043,0.34579688,0.0015017879,0.00079677533,0.00073417666
3605,daisy,0.03778617,0.012384826,0.67485446,0.0074309944,0.26754355
3606,daisy,0.009810235,0.66521597,0.0031332243,0.28467554,0.037164986
3607,daisy,0.0034226268,0.00039287368,0.023009012,0.0006837869,0.9724916
3608,daisy,6.494403e-05,0.99983674,1.9284515e-05,4.6200203e-05,3.286382e-05
3609,daisy,1.2515103e-09,5.9744276e-10,4.6115174e-11,1.0,1.5054274e-09
3610,daisy,2.6616775e-07,0.9999997,4.9749653e-09,8.078546e-09,4.812292e-09
3611,daisy,7.7749144e-07,7.5432034e-08,1.461907e-05,3.4249234e-07,0.99998415
3612,daisy,7.8655376e-07,9.308788e-08,1.184311e-06,6.067609e-07,0.9999973
3613,daisy,5.3335174e-05,5.9355866e-06,0.00017142609,3.7045415e-05,0.9997323
3614,daisy,0.99959624,3.8437225e-05,9.1711016e-05,6.742081e-05,0.00020611976
3615,daisy,8.188892e-07,0.9999989,7.2098004e-08,8.813326e-08,1.2012045e-07
3616,daisy,4.0467068e-05,5.6475374e-06,0.00068216014,1.7080816e-05,0.9992546
3617,daisy,0.10799124,0.51205456,0.09546182,0.105010435,0.17948191
3618,daisy,0.48623052,0.022057835,0.23013909,0.014180331,0.24739218
3619,daisy,0.0002320864,1.5979109e-05,0.8335096,0.00017826032,0.16606401
3620,daisy,1.75381e-05,0.999753,9.781343e-06,0.00021300328,6.611471e-06
3621,daisy,6.0135415e-07,0.99999887,1.8031912e-07,1.3703183e-07,2.6052265e-07
3622,daisy,0.18892896,0.77767086,0.010604948,0.013122225,0.009673016
3623,daisy,0.9999994,5.8151075e-09,9.635066e-08,1.9507609e-09,4.636473e-07
3624,daisy,0.0039180634,0.0019100057,0.47781038,0.0006193713,0.5157422
3625,daisy,0.027893364,0.04516106,0.040348075,0.06687464,0.81972295
3626,daisy,0.00042424636,4.095977e-05,0.99465716,9.0899164e-05,0.0047868546
3627,daisy,3.214766e-05,2.0772795e-05,0.98683435,3.1334086e-05,0.013081389
3628,daisy,0.015723411,0.7441779,0.004221351,0.23141547,0.0044618873
3629,daisy,6.927502e-06,1.3524556e-07,4.294846e-06,6.3227543e-07,0.9999881
3630,daisy,0.99952966,5.6317026e-06,5.2345753e-05,2.3248394e-06,0.0004100028
3631,daisy,0.9970762,0.0019427345,0.00014118847,0.0006937998,0.00014602987
3632,daisy,3.625277e-05,0.00015553454,2.223194e-06,0.9997304,7.556004e-05
3633,daisy,0.9994658,0.00040455727,3.1062882e-05,4.516275e-05,5.331937e-05
3634,daisy,5.868625e-09,5.4783142e-09,3.0629086e-09,1.0,1.0350726e-08
3635,daisy,0.0008476279,0.00085403706,0.0010511514,0.0012789321,0.9959682
3636,daisy,2.8973207e-05,0.99992883,1.0389796e-05,1.2621516e-05,1.919652e-05
3637,daisy,0.004102717,0.0016552188,0.23541713,0.0041240416,0.75470096
3638,daisy,3.3607764e-06,3.955459e-07,0.6928193,8.892142e-07,0.30717608
3639,daisy,0.9861082,0.00015570335,0.0019980348,0.0070340694,0.0047040214
3640,daisy,0.9999987,5.0477695e-08,7.7623906e-07,2.3502393e-07,3.116039e-07
3641,daisy,0.9959612,0.0036549116,9.398527e-05,0.00023429577,5.5531847e-05
3642,daisy,0.0014723766,0.00028595512,0.002182824,0.0006578199,0.995401
3643,daisy,0.7168231,0.05474764,0.13675457,0.018869681,0.072804965
3644,daisy,0.00020414463,0.9991028,0.00011488646,0.00043128774,0.0001468964
3645,daisy,0.007150476,0.004182,0.98121464,0.0020625244,0.0053903875
3646,daisy,0.04101903,0.9270271,0.004202054,0.019539593,0.0082122525
3647,daisy,0.03526068,0.073743396,0.0940187,0.11416867,0.6828085
3648,daisy,0.004510266,0.0007725096,0.85381824,0.00073669874,0.14016232
3649,daisy,2.1026888e-07,0.9999994,8.491064e-08,1.197993e-07,1.5950067e-07
3650,daisy,1.3685812e-07,3.4450852e-07,1.4741566e-09,0.99999917,3.2669544e-07
3651,daisy,2.623953e-08,1.0325907e-09,2.5676044e-09,1.0,1.9498034e-09
3652,daisy,4.3875516e-05,2.3383789e-05,0.9983468,6.0270388e-05,0.0015256476
3653,daisy,0.0005720357,0.00010106458,4.808482e-06,0.9993151,7.0342335e-06
3654,daisy,0.035283353,0.00062633987,0.8957826,0.0013740307,0.06693371
3655,daisy,0.00022277885,0.00011080054,0.025907546,0.00025856338,0.9735004
3656,daisy,0.00069234276,0.00020293324,0.0013364708,0.0013552618,0.99641305
3657,daisy,3.506037e-05,1.2533719e-05,0.9915382,2.0861116e-05,0.008393294
3658,daisy,7.101001e-06,1.6522208e-06,1.20114655e-05,9.2158325e-06,0.9999701
3659,daisy,4.975324e-06,0.99999017,1.037821e-06,1.3276527e-06,2.5044642e-06
3660,daisy,8.2279716e-05,1.9625822e-05,0.92993706,3.0770443e-05,0.06993024
3661,daisy,0.9999896,2.264347e-07,5.740544e-06,2.377005e-06,2.069104e-06
3662,daisy,0.06695529,0.003181858,0.07985516,0.0036444808,0.84636325
3663,daisy,1.8530409e-06,1.9336441e-07,9.016829e-05,1.0487623e-06,0.9999067
3664,daisy,1.0447284e-07,2.0577006e-06,1.2169861e-08,0.99999774,5.7192416e-08
3665,daisy,2.365799e-06,0.9999732,5.2356568e-06,3.2934931e-06,1.592643e-05
3666,daisy,7.49856e-05,1.1709079e-05,4.988451e-07,0.9999119,8.6202937e-07
3667,daisy,0.13413596,0.86400986,0.0005905038,0.0005871486,0.00067648833
3668,daisy,5.8509914e-07,9.88503e-09,1.453943e-09,0.9999994,3.0721985e-08
3669,daisy,1.7085487e-08,0.9999999,1.5758692e-08,2.2492772e-08,2.8706182e-08
3670,daisy,0.0075746863,0.9862704,0.0010278169,0.0029344566,0.0021926276
3671,daisy,0.05782967,0.16700694,0.5419571,0.0033710494,0.22983524
3672,daisy,7.628728e-06,0.9999685,7.540625e-06,1.2090332e-05,4.1893227e-06
3673,daisy,0.012663704,0.009810959,0.0040947692,0.11455687,0.85887367
3674,daisy,2.734141e-05,0.9999008,9.819816e-06,2.366627e-05,3.837916e-05
3675,daisy,0.017720513,0.012133954,0.011303927,0.036109272,0.92273235
3676,daisy,0.00069401815,0.99878997,0.00017746337,0.00011690568,0.00022158283
3677,daisy,0.0014618794,0.00077245495,0.9843396,0.00093173917,0.012494318
3678,daisy,2.3751238e-07,1.16931766e-07,1.9292028e-08,0.9999994,2.271375e-07
3679,daisy,0.9990221,0.0007771032,2.9906081e-05,0.00014392227,2.6954813e-05
3680,daisy,0.99965703,0.00024911633,3.288021e-05,3.592742e-05,2.5054662e-05
3681,daisy,0.013433548,0.0020286348,0.8682548,0.0018444583,0.11443859
3682,daisy,0.83987254,0.00027616989,0.14125368,0.0006746976,0.01792294
3683,daisy,0.6896651,0.30250996,0.003826941,0.002449249,0.0015487873
3684,daisy,0.003084998,0.9875067,0.0010560399,0.001814809,0.0065374738
3685,daisy,0.016384505,0.025657166,0.45485806,0.016221762,0.48687848
3686,daisy,0.9667921,0.007987622,0.0069853896,0.0008113673,0.017423507
3687,daisy,7.4547706e-06,0.9999797,4.117844e-06,3.2907635e-06,5.373799e-06
3688,daisy,4.5865083e-12,2.0429658e-11,5.206881e-13,1.0,1.6488737e-11
3689,daisy,1.9321382e-05,6.1430937e-06,0.9956099,2.1084303e-05,0.0043435893
3690,daisy,6.0939587e-06,0.9999898,6.616274e-07,1.2886798e-06,2.1651845e-06
3691,daisy,0.9999994,2.116128e-08,3.188182e-07,2.1744803e-08,2.1872543e-07
3692,daisy,1.6961609e-06,0.99999636,2.9258337e-07,8.056759e-07,8.5112913e-07
3693,daisy,0.23785612,0.67509186,0.00250449,0.07418563,0.010361867
3694,daisy,0.745493,0.20356539,0.0018155506,0.039860465,0.0092655625
3695,daisy,0.0002642244,1.1729348e-05,0.00018011869,7.0314977e-06,0.9995369
3696,daisy,0.99920624,4.1436656e-06,4.244042e-07,0.00078908016,1.1151682e-07
3697,daisy,0.7761868,0.07946917,0.0360602,0.07473843,0.033545364
3698,daisy,0.9999056,1.6475476e-06,4.151264e-05,4.4851764e-05,6.3567327e-06
3699,daisy,1.5947422e-05,1.3642973e-06,0.12626117,5.3022427e-06,0.8737162
3700,daisy,6.135295e-05,0.99983597,1.1270369e-05,8.096553e-05,1.0443893e-05
3701,daisy,0.00096773234,0.2949596,0.00046200716,0.0027663948,0.70084417
3702,daisy,0.0012628726,0.00013245121,0.0035883584,0.00071177294,0.99430454
3703,daisy,7.420449e-05,2.428596e-05,0.9507352,2.4753846e-05,0.049141504
3704,daisy,1.865832e-05,3.350291e-06,7.810471e-06,0.9999504,1.9820009e-05
3705,daisy,0.001775199,0.00075160654,0.0016369841,0.022612985,0.9732231
3706,daisy,1.3039856e-06,0.99999726,4.6342115e-07,5.584426e-07,4.4585107e-07
3707,daisy,1.047112e-05,0.9999841,1.8617302e-06,1.8831818e-06,1.7582906e-06
3708,daisy,1.21107505e-05,1.3892388e-06,3.80361e-06,1.8092933e-05,0.9999646
3709,daisy,0.00093949883,0.00019084748,0.0014133771,0.00016544956,0.9972908
3710,daisy,1.390944e-08,1.3400646e-07,2.7642222e-09,0.9999998,9.120164e-09
3711,daisy,0.99998474,1.5514094e-06,9.819539e-06,2.1833064e-06,1.6824785e-06
3712,daisy,5.6251592e-06,1.7234152e-05,7.115267e-07,0.99997425,2.1399044e-06
3713,daisy,6.777418e-09,6.7422013e-07,1.5286153e-10,0.99999934,8.744192e-10
3714,daisy,0.000110303095,6.189667e-05,0.6214169,8.047835e-05,0.3783304
3715,daisy,1.8124992e-05,0.99996585,2.8301548e-07,1.5475063e-05,3.0385348e-07
3716,daisy,6.162854e-06,6.446718e-07,3.812816e-05,1.3222494e-06,0.99995375
3717,daisy,0.00055873004,0.0002200983,0.006585746,0.0005921108,0.9920433
3718,daisy,5.761833e-05,0.99989355,1.3711676e-05,1.9382067e-05,1.5692567e-05
3719,daisy,1.9993171e-05,6.0340603e-06,0.00020874021,1.258711e-05,0.99975264
3720,daisy,0.0040768473,0.0008770775,0.00030976208,0.0077397116,0.98699665
3721,daisy,0.031185284,0.016086832,0.58596146,0.0144008845,0.35236555
3722,daisy,0.0058239037,0.0029827228,0.7089179,0.001696689,0.28057873
3723,daisy,0.001958943,0.99554616,0.0009389988,0.0006004369,0.0009554834
3724,daisy,1.528768e-05,1.698558e-06,4.9642764e-05,1.4595644e-06,0.99993193
3725,daisy,0.1456461,0.30166525,0.26942343,0.035555106,0.24771015
3726,daisy,6.9878956e-07,0.9999956,5.2932376e-07,2.6786697e-06,4.3140034e-07
3727,daisy,0.14525943,0.17597763,0.02630733,0.09480877,0.5576469
3728,daisy,6.6293615e-06,7.0454496e-07,1.2337647e-05,4.3066616e-06,0.99997604
3729,daisy,6.577434e-06,0.99998915,7.8092427e-07,2.8746676e-06,6.1834135e-07
3730,daisy,0.0003731611,0.00086464186,0.00025153023,0.0013371899,0.9971735
3731,daisy,0.9999935,4.5230054e-06,4.354055e-07,1.305262e-06,2.2081261e-07
3732,daisy,1.0,1.2540018e-08,3.1821592e-08,5.56241e-09,3.089846e-08
3733,daisy,0.00013911187,0.999852,3.8150647e-06,3.0423373e-06,2.0115106e-06
3734,daisy,0.00012453592,3.0423482e-05,0.7699456,0.00010632118,0.22979316
3735,daisy,0.00016951497,0.9995884,1.7643817e-05,0.00019517387,2.9219605e-05
3736,daisy,4.55142e-08,1.8568599e-09,6.3489036e-10,1.0,1.168071e-08
3737,daisy,0.99411714,0.0030225136,0.0021650132,0.00012058036,0.0005747621
3738,daisy,0.045581795,0.9514462,0.001231495,0.0008971569,0.0008433921
3739,daisy,0.00033432856,0.00010952782,6.291669e-05,0.9993664,0.00012681942
3740,daisy,2.2464596e-07,9.2854336e-08,0.9999981,1.5903932e-08,1.6123133e-06
3741,daisy,8.711939e-07,6.794751e-08,0.9373174,2.3631858e-07,0.06268146
3742,daisy,3.680438e-05,0.99995506,2.6959e-06,3.6458387e-06,1.7478415e-06
3743,daisy,5.650398e-05,4.4749827e-06,0.99026215,5.165171e-06,0.009671694
3744,daisy,2.737419e-05,6.1973196e-06,4.81103e-05,4.4762e-06,0.9999139
3745,daisy,0.0007428853,0.0028436868,3.745729e-05,0.99523675,0.0011392366
3746,daisy,0.0019235039,0.095087186,0.00044232124,0.90183556,0.00071143697
3747,daisy,0.20436272,0.5347126,0.018603928,0.1760189,0.06630179
3748,daisy,0.20011592,0.74851596,0.0006211298,0.023048889,0.02769811
3749,daisy,0.99996567,2.2839198e-05,4.782444e-06,4.9839755e-06,1.7074001e-06
3750,daisy,0.0021582665,2.5232011e-05,0.00094853586,9.7219556e-05,0.99677074
3751,daisy,1.0098697e-05,0.9999714,2.963588e-06,8.7225e-06,6.8217596e-06
3752,daisy,7.817297e-06,1.4412995e-05,2.3487862e-06,0.9999636,1.1848291e-05
3753,daisy,0.99930364,2.4007159e-05,0.00027472875,0.00031335177,8.426857e-05
3754,daisy,0.00021621236,0.9986192,0.00022853541,0.00069061964,0.0002454592
3755,daisy,0.998971,2.9108247e-07,0.00093259895,7.396703e-05,2.216415e-05
3756,daisy,0.4285697,0.0005969532,0.012230177,0.020675343,0.53792775
3757,daisy,5.3624944e-07,2.2697176e-08,6.1678024e-06,2.8537403e-07,0.99999297
3758,daisy,1.4053981e-09,9.824718e-09,7.654615e-11,1.0,1.288293e-09
3759,daisy,0.016330052,0.027870964,0.71560335,0.012031743,0.22816391
3760,daisy,0.14781727,0.013935615,0.16656011,0.19646406,0.47522292
3761,daisy,0.0027754467,0.0010372053,0.0115592275,0.0011075994,0.9835206
3762,daisy,0.006483762,0.044026673,0.00074758095,0.92060244,0.028139621
3763,daisy,4.8873485e-06,1.612136e-05,9.041993e-07,0.99996835,9.786972e-06
3764,daisy,2.372684e-09,1.0,1.010296e-09,3.419224e-10,1.3157562e-09
3765,daisy,1.615765e-05,0.00034170813,8.933541e-06,0.99906826,0.00056496763
3766,daisy,1.596821e-05,0.99997586,2.0637283e-06,4.6791347e-06,1.4173056e-06
3767,daisy,0.0039944747,0.00088805717,0.82399595,0.0024899098,0.16863161
3768,daisy,2.4073068e-05,0.9999672,1.402159e-06,5.9731456e-06,1.3164849e-06
3769,daisy,1.0120728e-05,5.939431e-07,0.00011992444,7.844657e-06,0.99986154
3770,daisy,5.0038107e-08,3.2759312e-10,7.447543e-11,1.0,5.6149267e-09
3771,daisy,4.7730595e-05,3.9090514e-06,5.450258e-05,1.1454291e-05,0.9998824
3772,daisy,0.9999943,2.1290393e-06,4.156903e-07,2.677187e-06,4.7075523e-07
3773,daisy,0.31753716,0.6791526,0.001560242,0.0006402349,0.0011097236
3774,daisy,1.6603364e-07,2.7022171e-08,5.2705683e-08,0.9999997,4.6660745e-08
3775,daisy,0.065105,0.0047867624,0.7248112,0.004781629,0.20051542
3776,daisy,1.0742841e-05,1.1753191e-05,2.6495516e-06,0.9999693,5.5724895e-06
3777,daisy,0.9998994,2.0882677e-05,3.5904763e-05,4.2780694e-06,3.950933e-05
3778,daisy,5.936392e-05,0.00027876307,1.2547267e-05,0.99963015,1.9152576e-05
3779,daisy,0.06323717,0.10573973,0.5784898,0.02715086,0.22538242
3780,daisy,5.400141e-07,1.557586e-08,3.4292658e-05,2.184255e-07,0.999965
3781,daisy,1.1360329e-06,0.99999696,8.780943e-07,7.368196e-07,3.388042e-07
3782,daisy,5.6272103e-05,0.0017089114,6.7617e-05,0.99752414,0.00064298394
3783,daisy,5.5637446e-07,5.2002275e-07,1.10910285e-07,0.9999978,1.01713e-06
3784,daisy,0.0076064356,0.9482666,0.0046395236,0.017952273,0.02153518
3785,daisy,0.6759857,0.28186965,0.009561824,0.010877505,0.02170529
3786,daisy,0.0014708616,0.00026998305,0.8176481,0.00039014773,0.18022087
3787,daisy,0.0003654135,0.0001284403,0.0006524357,0.00017945448,0.9986742
3788,daisy,0.00074240204,0.00047023897,0.104469314,0.00021454462,0.8941034
3789,daisy,4.2860906e-05,5.4637585e-06,0.00043049347,1.19164715e-05,0.99950933
3790,daisy,0.000114288065,2.3912166e-06,1.0837173e-06,0.9998814,8.625567e-07
3791,daisy,6.592404e-10,1.819585e-10,6.353524e-11,1.0,2.2073716e-10
3792,daisy,0.9994875,0.00043902284,2.0382695e-05,3.3817225e-05,1.9373247e-05
3793,daisy,0.007935303,0.9858451,0.00034260697,0.0056289975,0.000248033
3794,daisy,0.999358,6.61527e-05,0.00016118366,5.1848292e-05,0.00036283245
3795,daisy,2.7248989e-05,0.9999606,2.2109243e-06,4.6823093e-06,5.2495043e-06
3796,daisy,0.0032169097,4.298147e-05,0.009285186,0.0019143883,0.9855405
3797,daisy,1.0081048e-07,0.9999998,9.143688e-09,1.9313074e-08,2.6040382e-08
3798,daisy,1.6222739e-06,6.821214e-08,9.862578e-06,1.4652838e-06,0.999987
3799,daisy,1.6931372e-05,0.00037637545,3.602529e-06,0.9995965,6.5579857e-06
3800,daisy,0.9972213,0.0013200936,0.00033626487,0.00041490942,0.00070748886
3801,daisy,1.5798662e-06,0.9999938,1.2150354e-06,8.634758e-07,2.5747972e-06
3802,daisy,1.9906626e-08,2.0467184e-08,1.6128407e-09,0.9999999,3.3115107e-08
3803,daisy,1.1789522e-07,5.47936e-09,7.404005e-10,0.9999999,2.6236815e-09
3804,daisy,1.6913461e-07,1.2647275e-05,1.092768e-07,0.99998665,4.2214316e-07
3805,daisy,2.7183145e-09,1.0,7.320917e-10,2.6940277e-09,2.881197e-09
3806,daisy,8.15213e-07,2.8363044e-07,2.135093e-07,0.9999978,8.7241403e-07
3807,daisy,0.47598585,0.0037167561,0.4411661,0.0044549317,0.07467635
3808,daisy,0.9975691,0.0016001202,9.446747e-05,0.00055550656,0.00018086653
3809,daisy,4.332774e-12,8.248733e-12,5.327887e-13,1.0,1.9309244e-12
3810,daisy,5.3572414e-08,1.8045656e-09,2.1722789e-07,2.4874575e-08,0.9999997
3811,daisy,4.2563368e-08,1.1382454e-08,0.99999964,1.0573812e-08,3.3083234e-07
3812,daisy,0.0023181515,0.0017560842,0.8627857,0.0021358873,0.13100411
3813,daisy,4.856377e-06,4.4996327e-07,2.851575e-05,1.2995131e-06,0.9999649
3814,daisy,7.145682e-05,1.5475103e-05,0.0002583001,2.73574e-05,0.9996275
3815,daisy,3.1118492e-07,0.9999994,1.4655143e-07,1.2263487e-07,4.2249443e-08
3816,daisy,0.87122977,0.12687096,0.00080277893,0.00052476436,0.00057172944
3817,daisy,0.037414275,0.0069213985,0.00721763,0.92652667,0.02192006
3818,daisy,0.9999894,2.0600967e-06,1.3498536e-06,1.0704405e-06,6.093296e-06
3819,daisy,1.3734752e-06,0.99999493,6.915872e-07,5.746051e-07,2.452189e-06
3820,daisy,1.213365e-07,0.9999994,1.5679322e-07,7.3135546e-08,2.6013257e-07
3821,daisy,0.00018495602,3.7371603e-05,0.00021954172,0.99945736,0.000100792175
3822,daisy,0.0004272412,0.99914473,0.00017774574,0.00010510588,0.00014510061
3823,daisy,0.10078092,0.6914323,0.015325522,0.095441416,0.097019866
3824,daisy,1.5636648e-05,5.9165354e-06,3.230006e-06,2.2452728e-05,0.9999528
3825,daisy,1.2389891e-05,1.1613009e-06,0.00014232328,4.916503e-06,0.9998392
3826,daisy,8.430637e-06,1.3312645e-06,0.0008772711,1.3033251e-05,0.9990999
3827,daisy,0.99537754,0.00013470954,0.0023449266,0.000117326155,0.0020254536
3828,daisy,0.0051880754,0.0005956876,0.91573906,0.0020493316,0.07642782
3829,daisy,0.0065208324,0.0012907267,0.00071596314,0.99022806,0.0012444276
3830,daisy,0.9998888,8.1261e-05,6.286791e-06,1.2105607e-05,1.1520972e-05
3831,daisy,4.005593e-09,3.146026e-08,5.867947e-10,1.0,1.4081964e-08
3832,daisy,0.9998821,4.4326885e-06,1.3346519e-05,3.030116e-06,9.7052674e-05
3833,daisy,8.1118026e-07,3.9802806e-08,5.452161e-05,5.064177e-07,0.9999442
3834,daisy,1.5940902e-06,0.99999654,4.6080586e-07,9.4003764e-07,4.3308415e-07
3835,daisy,0.0007501912,9.270157e-06,4.8458355e-06,0.9991931,4.2555414e-05
3836,daisy,4.9611533e-08,7.243096e-09,1.0201072e-06,4.6955e-08,0.99999887
3837,daisy,0.00026517588,0.9996625,9.718737e-06,2.7211852e-05,3.544655e-05
3838,daisy,0.00016813936,0.9996934,1.1941107e-05,7.3811374e-05,5.269858e-05
3839,daisy,4.498222e-05,6.0832575e-05,5.978869e-05,6.5653425e-05,0.99976873
3840,daisy,6.155048e-06,0.99998605,1.5210353e-06,3.7678e-06,2.3917478e-06
3841,daisy,0.0011566798,0.00012538288,0.006397605,0.00018097412,0.99213946
3842,daisy,1.8650978e-10,6.028444e-11,1.7464782e-12,1.0,9.089802e-11
3843,daisy,0.1263844,0.058684446,0.5359224,0.011802924,0.2672058
3844,daisy,0.00011230239,0.999879,1.728102e-06,1.7941005e-06,5.171855e-06
3845,daisy,0.0013897176,0.00047335256,0.9799406,0.0028732084,0.015323155
3846,daisy,0.6296717,0.28681394,0.019123767,0.004949116,0.059441514
3847,daisy,0.0057632374,0.0018272391,0.0075179264,0.002093625,0.9827979
3848,daisy,0.0011277488,0.0037988774,0.000116790376,0.99475986,0.00019671992
3849,daisy,0.9839066,1.6491866e-05,0.0001500487,0.015775466,0.000151316
3850,daisy,6.901995e-08,3.6086046e-08,1.7868137e-08,0.99999887,1.005034e-06
3851,daisy,0.0006795727,4.4780994e-05,0.0008853146,2.1797623e-05,0.99836856
3852,daisy,0.0040555582,0.0002469619,0.02539905,0.0008025168,0.96949595
3853,daisy,0.0056763515,0.0037513222,0.6282407,0.009841364,0.35249025
3854,daisy,9.102782e-10,8.3006996e-10,7.249763e-11,1.0,7.341563e-10
3855,daisy,0.10230045,0.3304649,0.045700364,0.4452077,0.07632663
3856,daisy,0.9999916,5.3519802e-06,6.522256e-07,9.730109e-07,1.3381006e-06
3857,daisy,0.9957625,6.0191036e-05,9.475373e-05,0.003852065,0.0002303774
3858,daisy,0.9998146,1.0460358e-05,9.277689e-05,4.8859172e-05,3.337278e-05
3859,daisy,0.27342853,0.0086417,0.074937426,0.26541716,0.37757522
3860,daisy,0.00034755978,0.0006435521,0.0038440574,0.0011635929,0.9940012
3861,daisy,2.7442467e-05,2.1381088e-06,9.473079e-05,2.5089952e-05,0.99985063
3862,daisy,9.97374e-07,0.99999774,2.8256022e-07,7.586164e-07,1.9713312e-07
3863,daisy,0.14642234,0.001502776,0.0044245785,0.0032701616,0.8443802
3864,daisy,0.32765132,0.09249528,0.056657124,0.14264366,0.38055268
3865,daisy,4.6314804e-06,3.207237e-05,7.980133e-07,0.99995947,3.075489e-06
3866,daisy,7.4241694e-07,3.5560732e-09,2.2323238e-06,4.105915e-08,0.99999696
3867,daisy,0.9984299,0.0002475413,0.0007074579,0.00027358366,0.00034152684
3868,daisy,0.7895273,9.669125e-05,0.00018376591,0.2101006,9.164732e-05
3869,daisy,0.009020386,0.0025132343,0.95420104,0.0023375978,0.031927697
3870,daisy,0.99969876,0.00017928462,5.0071852e-05,4.388109e-05,2.7965652e-05
3871,daisy,4.111893e-07,0.99999845,2.803655e-07,4.578248e-07,4.0655542e-07
3872,daisy,1.670279e-05,0.9999256,2.0106513e-06,5.083016e-05,4.7971575e-06
3873,daisy,0.00041621047,9.373731e-05,0.8897646,0.00013630438,0.1095892
3874,daisy,0.0021249116,0.99607456,0.00035537736,0.00044468133,0.001000439
3875,daisy,0.0030654785,0.99584377,0.00032516848,0.00042388937,0.00034163502
3876,daisy,9.269269e-05,0.99965495,3.9070037e-05,0.00019438722,1.8891848e-05
3877,daisy,7.2535426e-05,2.2326335e-06,1.6098278e-06,0.9999191,4.5296883e-06
3878,daisy,0.027213996,0.0024890953,0.5102366,0.0017956069,0.45826468
3879,daisy,0.0030412932,0.0013581663,0.75157857,0.0026759275,0.24134603
3880,daisy,0.00051852816,0.000113313356,0.7805401,0.00028697998,0.2185411
3881,daisy,4.326157e-05,8.4873045e-06,2.0002242e-05,6.812575e-05,0.99986017
3882,daisy,0.74827784,0.23441234,0.008099409,0.006167525,0.003042844
3883,daisy,2.9564794e-06,0.9999921,7.8438916e-07,2.267409e-06,1.8782027e-06
3884,daisy,0.015789043,0.96217775,0.006288244,0.0035787306,0.012166241
3885,daisy,0.00045210705,6.0837297e-05,0.8657101,0.00015851072,0.13361846
3886,daisy,0.0007669061,0.00032666032,0.9883393,0.001308543,0.009258503
3887,daisy,1.9346753e-06,0.9999962,5.3237045e-07,3.6861897e-07,9.1083547e-07
3888,daisy,5.692879e-08,1.8966213e-08,1.887698e-09,0.9999999,5.877328e-08
3889,daisy,7.448542e-06,6.0606585e-06,2.9952037e-06,0.9999768,6.697129e-06
3890,daisy,1.4433213e-06,0.9999973,2.0274248e-07,2.7254114e-07,7.688629e-07
3891,daisy,0.0010638603,0.00015734191,0.000502579,0.004726593,0.9935495
3892,daisy,0.9253742,7.5460164e-05,8.477476e-05,0.074400544,6.500973e-05
3893,daisy,0.0066759675,0.0015631446,0.81512165,0.0013807572,0.17525852
3894,daisy,3.9618964e-05,0.99980164,1.7668992e-05,6.3791784e-05,7.7259785e-05
3895,daisy,0.07198809,0.06499734,0.014050849,0.0044378284,0.84452593
3896,daisy,1.3928212e-06,1.3530897e-06,4.3356923e-07,0.99999505,1.7723221e-06
3897,daisy,0.9990743,0.00029218438,0.0003445013,5.0010138e-05,0.00023906391
3898,daisy,1.4729845e-07,6.3691723e-09,3.9894257e-07,1.02255704e-07,0.99999934
3899,daisy,0.9970131,0.0006005348,0.00057246163,0.0012690134,0.0005448642
3900,daisy,0.0003632483,0.0002556729,0.8616597,0.0005399075,0.1371815
3901,daisy,1.34803295e-05,6.8932e-05,8.581306e-06,0.9998828,2.6247606e-05
3902,daisy,0.00069899694,0.9967853,0.00037171817,0.0018695595,0.0002744886
3903,daisy,5.990838e-07,2.2340097e-07,1.8350345e-08,0.99999875,4.4651284e-07
3904,daisy,0.9903431,0.00012294945,0.00063211215,0.00021974169,0.00868219
3905,daisy,3.0445894e-06,4.7071918e-08,0.99998266,5.1208882e-08,1.4187736e-05
3906,daisy,0.0001225308,0.9998571,6.638824e-06,4.532768e-06,9.2275195e-06
3907,daisy,0.011966762,0.0025618966,0.0028678798,0.04664328,0.9359602
3908,daisy,2.6092628e-06,5.4056784e-08,3.914927e-09,0.9999973,3.868417e-08
3909,daisy,0.00071254175,0.00011841151,0.0016183878,0.00027031504,0.9972803
3910,daisy,5.1157464e-08,1.229746e-08,3.5544931e-09,1.0,4.284913e-09
3911,daisy,0.9973489,0.0017086748,0.00011095381,0.0006589815,0.00017251988
3912,daisy,0.09797914,0.031332865,0.7868145,0.026141444,0.05773204
3913,daisy,0.00041377888,0.99950445,3.9315793e-05,2.5882298e-05,1.6581878e-05
3914,daisy,0.9998805,1.0992484e-05,6.54685e-05,1.2713897e-05,3.032995e-05
3915,daisy,0.03407104,0.006951187,0.48192438,0.0034974068,0.47355598
3916,daisy,0.0030961656,0.00093025377,0.0053404877,0.0016229876,0.98901004
3917,daisy,0.0024541866,0.99173146,0.0009961777,0.0026039246,0.0022143342
3918,daisy,0.0013028525,0.00016861047,0.0010761871,0.00034966474,0.9971026
3919,daisy,0.01002357,0.9887017,0.00046479702,0.0004478634,0.00036208224
3920,daisy,0.15613052,0.1566325,0.32845494,0.013784023,0.34499797
3921,daisy,0.027146403,0.05669737,0.02905643,0.041067354,0.8460325
3922,daisy,2.561443e-05,0.99994725,9.3164e-06,1.2993965e-05,4.799128e-06
3923,daisy,0.99991405,7.731479e-07,2.2945487e-05,1.5693265e-06,6.068298e-05
3924,daisy,0.0015822205,0.0006350208,0.00016845377,0.99362695,0.0039872723
3925,daisy,0.0008202037,0.9976419,0.00054236525,0.00035119554,0.0006442255
3926,daisy,7.2632687e-09,7.2867516e-09,0.99999845,1.0418395e-08,1.4605239e-06
3927,daisy,0.9998654,8.29154e-05,1.1897448e-05,1.8667542e-05,2.1097017e-05
3928,daisy,0.01848057,0.0065130196,0.9252081,0.0057754028,0.04402288
3929,daisy,3.2044692e-05,3.1915006e-05,0.99987304,9.085257e-06,5.3849664e-05
3930,daisy,0.029210228,0.021502836,0.30901065,0.027034432,0.6132418
3931,daisy,1.0726862e-06,5.7332834e-08,1.9698282e-06,5.772798e-07,0.9999963
3932,daisy,0.00039955176,0.00014942078,0.9977153,0.00021030784,0.0015254739
3933,daisy,0.3502654,0.31753153,0.026365016,0.2508503,0.05498776
3934,daisy,0.99997234,5.2378655e-06,1.2444514e-05,3.7612704e-06,6.2134545e-06
3935,daisy,2.2646717e-07,1.2993274e-07,2.759208e-09,0.99999964,1.144567e-08
3936,daisy,2.1123687e-05,1.7126989e-06,3.5845245e-05,4.925133e-06,0.9999364
3937,daisy,0.08289274,0.81739223,0.02058451,0.018491423,0.060639016
3938,daisy,0.018296357,0.0075326613,0.0064931577,0.020948948,0.9467289
3939,daisy,6.948982e-07,5.0289877e-08,3.3538225e-05,2.790425e-07,0.9999655
3940,daisy,6.772729e-06,1.1024488e-06,0.00025814265,5.7260613e-06,0.9997282
3941,daisy,0.016869422,0.013524358,0.5035144,0.019452702,0.44663912
3942,daisy,3.820654e-05,0.9999611,2.5371975e-07,2.8158547e-07,1.5817025e-07
3943,daisy,0.015185115,0.00022200418,0.0004609515,0.00044094358,0.9836909
3944,daisy,0.0020106225,0.49494272,0.0008785616,0.42319703,0.0789711
3945,daisy,4.034711e-05,0.9999386,7.93529e-06,5.141547e-06,8.030815e-06
3946,daisy,0.0012202483,0.00019525966,0.8177721,0.0004921617,0.18032026
3947,daisy,0.99999464,1.1123164e-07,2.132549e-06,7.164456e-07,2.378252e-06
3948,daisy,0.004061094,0.0013387816,0.25644392,0.0020802398,0.73607594
3949,daisy,6.2703753e-06,0.9999894,8.259041e-07,2.557051e-06,9.020373e-07
3950,daisy,0.99999523,2.1022622e-07,2.6745051e-06,7.931817e-07,1.0638207e-06
3951,daisy,0.0027254946,0.00096808857,0.047046427,0.002157885,0.94710207
3952,daisy,1.0939491e-06,0.99999106,2.529245e-07,5.9945237e-06,1.6544797e-06
3953,daisy,1.3996328e-07,0.99999964,6.949652e-08,9.060615e-08,6.5084215e-08
3954,daisy,0.00011868328,3.716819e-05,0.000623101,0.00021635345,0.9990047
3955,daisy,0.032528333,0.048168994,0.13771513,0.11194465,0.66964287
3956,daisy,3.4863474e-06,0.9999941,5.056798e-07,1.6847891e-06,2.3787916e-07
3957,daisy,0.00011247229,3.0871427e-06,0.006173496,9.2266855e-06,0.99370176
3958,daisy,0.57506096,0.043783013,0.028054163,0.0076957652,0.34540606
3959,daisy,0.9997131,0.00016582031,5.758085e-05,9.194389e-06,5.425762e-05
3960,daisy,0.004048224,0.0015847124,0.55249804,0.0042889235,0.43758005
3961,daisy,0.41743916,0.30625743,0.031024039,0.18673623,0.058543146
3962,daisy,0.0024681315,5.899123e-05,0.73466915,0.0001772411,0.26262647
3963,daisy,5.456729e-06,0.9999882,1.232683e-06,1.3070082e-06,3.791852e-06
3964,daisy,2.5364487e-05,1.5248623e-05,0.9998404,1.48031295e-05,0.00010425502
3965,daisy,0.00048606278,8.1645456e-05,0.99472487,0.00012436396,0.0045830733
3966,daisy,0.0016802095,0.9763566,0.00027715007,0.020951934,0.0007340718
3967,daisy,0.031066993,0.003767195,0.028662225,0.0050058053,0.93149775
3968,daisy,5.099479e-05,2.8094806e-05,0.003768454,5.0974322e-05,0.9961014
3969,daisy,0.09853588,0.89931715,0.0004935708,0.0012963486,0.00035704888
3970,daisy,0.42552248,0.5623075,0.0074190586,0.0024043773,0.0023466486
3971,daisy,0.0005078831,0.99879533,0.00018472629,0.00033717934,0.00017488285
3972,daisy,3.4254578e-12,2.8917783e-13,3.6683618e-14,1.0,3.1757477e-13
3973,daisy,0.99993944,2.7934952e-06,1.4250162e-05,3.3955643e-05,9.562884e-06
3974,daisy,0.0039587966,0.00024029138,0.00012898831,0.9953685,0.00030352522
3975,daisy,0.00038709253,0.00075260724,0.0058266064,0.0008635842,0.99217016
3976,daisy,5.8813676e-08,9.717185e-08,1.6256821e-09,0.9999998,2.6715998e-08
3977,daisy,0.0001813086,3.0877723e-05,0.0010701241,2.9301125e-05,0.9986884
3978,daisy,0.0009988769,0.00039126707,0.9368264,0.0007259378,0.06105749
3979,daisy,6.942279e-08,0.99999964,6.9969566e-08,4.9162658e-08,2.5431004e-07
3980,daisy,6.2497543e-06,0.9999714,3.092607e-06,4.9503224e-06,1.4381905e-05
3981,daisy,0.03972033,0.018946566,0.72014034,0.027797371,0.1933954
3982,daisy,2.5646482e-06,0.9999955,1.2252647e-06,5.137459e-07,2.0115695e-07
3983,daisy,2.3229259e-06,2.0546952e-07,3.5849978e-06,2.4080423e-06,0.99999154
3984,daisy,0.0013842899,0.007060431,0.09598279,0.77557105,0.12000146
3985,daisy,0.0051487824,0.0004643427,0.00079233974,0.00039508435,0.99319947
3986,daisy,1.15401306e-07,1.3748602e-06,1.4097665e-08,0.99999845,5.5700134e-08
3987,daisy,0.3288814,0.42787534,0.03709667,0.03246169,0.17368491
3988,daisy,2.5646966e-06,8.542482e-07,2.2277709e-05,2.4901003e-06,0.99997175
3989,daisy,1.0949436e-09,8.88879e-10,8.711228e-11,1.0,6.202821e-10
3990,daisy,6.250708e-05,0.00018063546,4.0372565e-06,0.99974364,9.161656e-06
3991,daisy,0.17230503,0.00026552906,0.00035737036,0.00018396621,0.8268881
3992,daisy,0.0007418003,0.00019127729,0.0034095522,0.00028123162,0.9953762
3993,daisy,6.3359296e-09,9.679783e-09,9.709512e-10,1.0,1.304074e-08
3994,daisy,2.5965832e-05,6.6973844e-06,8.354423e-05,3.059529e-05,0.99985325
3995,daisy,1.4127604e-06,2.1214558e-07,2.0149168e-06,2.4122635e-05,0.9999722
3996,daisy,0.9995553,4.3857923e-05,7.845784e-05,1.2234514e-05,0.00031014284
3997,daisy,0.0004699282,7.171427e-05,0.00018196122,0.00040433073,0.9988721
3998,daisy,0.008565181,0.0021384172,0.01930602,0.0014146533,0.96857566
3999,daisy,0.00011511005,8.824916e-06,0.0029437337,3.518267e-05,0.9968972
4000,daisy,0.005795381,0.00012153925,3.673601e-05,0.9937911,0.00025530733
4001,daisy,0.008489527,0.09518167,0.5486453,0.019804591,0.32787895
4002,daisy,0.056371965,1.076646e-05,0.0006026522,2.170874e-05,0.94299287
4003,daisy,0.0005200674,0.00016183771,0.0020412982,0.00016844993,0.99710834
4004,daisy,0.0334683,0.9662366,0.00016242452,8.013174e-05,5.2594398e-05
4005,daisy,0.99998987,4.0087543e-06,9.88641e-07,3.547851e-06,1.5880798e-06
4006,daisy,0.99998647,5.619953e-07,2.3185526e-06,9.799e-06,9.376049e-07
4007,daisy,1.5786762e-08,5.090391e-09,3.3296637e-09,1.0,1.0002266e-08
4008,daisy,0.00013531718,0.00016014125,0.00010884836,0.011098948,0.9884968
4009,daisy,2.540288e-07,1.2935584e-08,2.9540788e-06,7.62292e-08,0.9999968
4010,daisy,2.945472e-08,6.748447e-09,2.1493884e-08,1.02294905e-07,0.9999998
4011,daisy,0.9999898,1.0107312e-06,5.7471284e-06,7.257747e-07,2.7254023e-06
4012,daisy,0.13149497,0.0054029706,0.0032702326,0.16975215,0.69007975
4013,daisy,0.9417223,0.0051474785,0.008334193,0.010239543,0.034556486
4014,daisy,0.0020726922,0.99703884,5.860554e-06,0.00087516813,7.5159282e-06
4015,daisy,0.80023926,0.19962424,7.656275e-05,4.1064013e-05,1.8841693e-05
4016,daisy,1.2400891e-06,0.9999968,9.0164133e-07,5.8119065e-07,5.8168575e-07
4017,daisy,1.0183784e-07,1.9569523e-08,3.7865178e-07,1.3513439e-07,0.9999994
4018,daisy,0.047135722,0.061078705,0.1772675,0.017689476,0.69682866
4019,daisy,0.002010757,0.9968011,0.0001423638,0.0002141506,0.00083162973
4020,daisy,0.00028047053,0.00010839582,0.0018828532,0.00026486965,0.9974634
4021,daisy,1.952525e-05,0.99996364,1.37065745e-05,5.6330225e-07,2.5188172e-06
4022,daisy,0.0003115728,0.0030659162,1.1191078e-05,0.9961506,0.0004606829
4023,daisy,0.0075548096,0.008372691,0.46851206,0.0065998225,0.50896066
4024,daisy,6.103806e-05,1.890038e-06,3.0312125e-07,0.9999336,3.087601e-06
4025,daisy,0.1809609,0.4600474,0.003552559,0.35289064,0.0025485158
4026,daisy,4.4407641e-10,8.445783e-09,4.36629e-11,1.0,3.6818587e-10
4027,daisy,3.484981e-10,9.326647e-10,1.5677647e-11,1.0,3.0222225e-10
4028,daisy,0.045473106,0.00087740517,0.004502964,0.00071487844,0.9484317
4029,daisy,0.00013153456,0.00022478413,7.033679e-05,0.0009811651,0.9985922
4030,daisy,0.0003132143,0.024182264,0.010694029,0.9620107,0.0027997927
4031,daisy,0.0036868206,0.0006787174,0.28595155,0.0003848147,0.70929813
4032,daisy,0.50971746,0.100302994,0.07807987,0.023159113,0.28874058
4033,daisy,2.9530283e-05,0.99995214,2.025425e-06,1.4038192e-05,2.2348718e-06
4034,daisy,4.1327854e-05,1.4210498e-05,1.2118793e-05,0.9996893,0.00024299129
4035,daisy,0.99999887,1.70823e-07,3.9143615e-07,5.0210616e-08,5.5506007e-07
4036,daisy,0.0028646195,0.0009537148,0.7392252,0.0036279834,0.25332847
4037,daisy,1.8962064e-07,2.6677967e-08,6.627824e-09,0.9999998,2.6852774e-08
4038,daisy,0.0024384437,0.0011063188,0.9347085,0.0018046245,0.05994212
4039,daisy,5.2996593e-06,1.0637475e-06,1.06795e-05,5.1786838e-06,0.99997777
4040,daisy,0.00015380917,0.9995847,4.1006522e-05,9.753424e-05,0.00012294188
4041,daisy,0.0012007153,0.0002177567,0.97576,0.00045289108,0.022368638
4042,daisy,0.98338425,0.0007362465,0.000942154,0.0010075293,0.013929826
4043,daisy,3.4915313e-08,1.0965769e-08,1.4741069e-07,1.2365965e-07,0.99999964
4044,daisy,0.10753443,0.6053401,0.0020113292,0.2773665,0.0077476264
4045,daisy,0.0001354979,7.752453e-05,0.0004234557,0.00045839683,0.9989052
4046,daisy,1.3246815e-06,1.18518116e-07,2.310428e-06,1.1931851e-07,0.9999962
4047,daisy,0.00022691643,0.0043140296,4.5544653e-05,0.99531287,0.00010067715
4048,daisy,7.6952986e-08,6.566906e-09,8.4511004e-07,1.9033418e-08,0.99999905
4049,daisy,0.01665668,0.0035151676,0.7759776,0.008872949,0.19497754
4050,daisy,0.000864889,0.0007161915,0.00045858178,0.9977031,0.0002572873
4051,daisy,0.7217872,0.27144545,0.0019837809,0.002031594,0.0027519339
4052,daisy,0.008847789,0.0008843282,0.00073568313,0.17059931,0.8189329
4053,daisy,0.009673456,0.0025089975,0.93958294,0.001790295,0.04644438
4054,daisy,0.9998226,1.7150262e-06,0.00013436851,5.1210955e-06,3.6269532e-05
4055,daisy,0.99998075,1.1768202e-06,1.1958565e-05,9.200524e-07,5.198156e-06
4056,daisy,0.0014597026,0.0005238569,0.01803833,0.0009572365,0.9790209
4057,daisy,1.4241542e-05,1.3338819e-06,0.7197243,1.8786786e-05,0.2802413
4058,daisy,8.470687e-11,1.5636006e-11,9.124448e-12,1.0,5.359991e-12
4059,daisy,0.99990404,8.691277e-06,3.6956433e-06,1.8360919e-06,8.177803e-05
4060,daisy,1.7749434e-09,1.6157948e-09,1.84286e-10,1.0,7.2813187e-09
4061,daisy,1.1542074e-05,1.420808e-05,0.00031146032,2.1781338e-05,0.99964106
4062,daisy,1.8043263e-08,1.5290313e-09,1.9596849e-08,1.5741708e-08,1.0
4063,daisy,1.3624388e-06,0.99999845,5.1959603e-08,3.8281527e-08,3.4184858e-08
4064,daisy,0.991447,1.7857552e-05,0.0008760762,0.005270529,0.002388544
4065,daisy,5.585134e-07,8.5727834e-08,5.949606e-06,4.8920185e-07,0.99999297
4066,daisy,0.005293126,0.0013359907,0.039117686,0.0036938943,0.9505593
4067,daisy,5.2692803e-06,0.99999344,2.0933388e-07,8.2089775e-07,2.725732e-07
4068,daisy,0.99999905,3.6150663e-08,2.556684e-07,1.9712002e-07,4.6896326e-07
4069,daisy,7.898219e-06,6.685785e-06,4.2149563e-07,0.9999822,2.8605832e-06
4070,daisy,4.3684844e-07,0.99999887,2.7529964e-07,2.0279103e-07,1.883527e-07
4071,daisy,4.8820995e-05,2.9345922e-05,5.2271016e-06,0.99990165,1.4931747e-05
4072,daisy,1.0018023e-06,0.9999984,1.12621805e-07,9.364912e-08,4.1948812e-07
4073,daisy,6.812981e-05,5.83928e-06,5.36655e-07,0.9999229,2.6662633e-06
4074,daisy,0.000505118,7.791087e-05,0.007679844,0.00033737867,0.99139965
4075,daisy,9.536716e-10,4.966791e-11,5.829611e-12,1.0,8.174557e-11
4076,daisy,0.00072647,2.4538487e-05,0.0009795736,2.688642e-05,0.99824256
4077,daisy,0.9985857,0.0009882875,0.00031807774,6.445839e-05,4.3452597e-05
4078,daisy,0.99999636,3.0665979e-07,1.3972875e-06,2.7120402e-08,1.8749055e-06
4079,daisy,5.0446466e-05,0.9999396,1.7955335e-06,1.2917211e-06,6.8502727e-06
4080,daisy,1.5194303e-06,2.2105967e-06,6.222804e-08,0.9999943,1.8800832e-06
4081,daisy,0.00037308387,0.0017681106,1.604683e-05,0.9978069,3.589672e-05
4082,daisy,3.767779e-07,0.9999992,1.7645465e-07,6.578459e-08,1.8943838e-07
4083,daisy,1.5532603e-10,4.2858796e-11,1.23516865e-11,1.0,5.2880134e-11
4084,daisy,0.9999259,1.6820637e-05,2.5379257e-05,1.1005177e-05,2.0911226e-05
4085,daisy,1.923057e-05,1.0648895e-07,6.2817717e-06,1.6443189e-06,0.9999727
4086,daisy,0.9999422,1.2949121e-05,2.3001106e-05,7.224503e-06,1.4567103e-05
4087,daisy,0.11961965,0.56390405,0.024419464,0.2509934,0.04106345
4088,daisy,0.00044892955,0.0037458618,5.7346257e-05,0.99568474,6.318347e-05
4089,daisy,2.8295535e-05,7.795619e-06,1.0516721e-05,0.9999323,2.1091359e-05
4090,daisy,0.0020379464,0.9536603,0.00014857139,0.04366452,0.0004886419
4091,daisy,0.0018264565,0.997882,2.9349947e-05,0.00020882678,5.3369284e-05
4092,daisy,0.9998848,1.7026361e-05,5.784125e-05,7.683657e-06,3.2536667e-05
4093,daisy,1.2190139e-05,6.4047106e-07,1.1035525e-05,5.840085e-07,0.99997556
4094,daisy,9.582201e-07,3.163253e-07,6.9885635e-07,0.9999921,5.992402e-06
4095,daisy,2.7178469e-06,4.4178833e-07,3.623321e-06,2.444133e-06,0.99999076
4096,daisy,7.8229124e-07,3.0310474e-08,7.5082776e-06,2.0286716e-07,0.9999914
4097,daisy,0.058089513,0.20549616,0.01874854,0.0106036905,0.70706207
4098,daisy,0.0020368297,0.0005686211,0.6133879,0.0014594423,0.38254726
4099,daisy,0.9999965,7.471439e-07,1.2819469e-06,9.107208e-08,1.4199081e-06
4100,daisy,0.00030357676,0.00015027195,7.8723846e-05,0.99938506,8.230991e-05
4101,daisy,9.645003e-06,4.1189387e-06,1.5703596e-05,1.7080409e-05,0.99995345
4102,daisy,0.9999955,7.879747e-08,1.3375558e-06,1.2208002e-07,2.9623611e-06
4103,daisy,0.9988799,2.3748356e-05,3.0819123e-05,0.001051435,1.4049813e-05
4104,daisy,0.0026977924,0.0004016753,0.97522736,0.0013557136,0.020317413
4105,daisy,0.9954772,0.0008744242,0.0015316068,0.00024874345,0.0018679833
4106,daisy,0.66027135,0.31510308,0.009061052,0.006273667,0.009290855
4107,daisy,0.0011729095,0.0006476312,0.011220481,0.0015970223,0.98536193
4108,daisy,2.177918e-09,7.6393414e-10,0.9999998,1.3385386e-09,2.2069575e-07
4109,daisy,0.00033062758,0.99962217,1.4341196e-05,1.8670693e-05,1.4176658e-05
4110,daisy,0.0002045886,0.00013363102,0.9836563,0.00015191706,0.01585358
4111,daisy,4.7450176e-06,2.8807216e-07,2.0434971e-08,0.99999464,2.9852308e-07
4112,daisy,0.9999875,3.4398315e-07,4.096378e-06,2.8942218e-06,5.163105e-06
4113,daisy,1.04099245e-08,9.439587e-09,8.9595685e-11,1.0,6.4413574e-10
4114,daisy,9.561075e-05,1.9982243e-05,0.00043415645,3.9934486e-05,0.99941033
4115,daisy,0.00065495004,0.00012714813,0.0021786836,0.0016965054,0.99534285
4116,daisy,7.8074016e-05,1.3828981e-05,0.9516271,1.2620638e-05,0.048268374
4117,daisy,0.0010573551,0.0024521935,1.8410627e-05,0.996455,1.7007887e-05
4118,daisy,0.020946164,0.01030902,0.92553586,0.012215853,0.03099313
4119,daisy,2.1719034e-05,0.9999734,1.2326603e-06,2.7311523e-06,9.873736e-07
4120,daisy,0.024680993,0.012076202,0.12642798,0.007472904,0.829342
4121,daisy,3.3978703e-10,3.14598e-11,8.026855e-12,1.0,3.8881443e-11
4122,daisy,1.8904707e-09,1.3800056e-09,4.0903753e-10,1.0,3.225514e-10
4123,daisy,0.000114013266,0.0002003174,5.4148048e-05,0.9993013,0.00033019646
4124,daisy,5.2334315e-08,5.1969478e-09,5.270824e-09,0.9999999,1.6618026e-08
4125,daisy,2.2883887e-05,5.6881663e-06,0.584469,2.2384778e-05,0.41548005
4126,daisy,1.864876e-08,4.5594467e-10,3.5549343e-07,7.4426687e-09,0.99999964
4127,daisy,0.0059131547,0.27681693,0.026799044,0.27626747,0.41420332
4128,daisy,0.99974823,6.0060807e-05,7.520777e-05,2.8291237e-05,8.82242e-05
4129,daisy,0.007930655,0.00063864,0.6077415,0.006001018,0.3776883
4130,daisy,0.6011199,0.19996908,2.845361e-05,0.19886915,1.3470099e-05
4131,daisy,0.00015084934,0.9998252,8.109203e-06,7.0187984e-06,8.8183015e-06
4132,daisy,1.8306397e-05,0.99996376,5.4682864e-06,6.403357e-06,6.0583843e-06
4133,daisy,0.3287783,0.018060643,0.08999388,0.02259833,0.5405689
4134,daisy,0.006287883,0.0034524682,4.5058194e-05,0.9898098,0.0004048627
4135,daisy,0.99990255,2.900805e-07,1.5645783e-06,7.566361e-05,1.9948775e-05
4136,daisy,0.0016385494,0.0006471904,0.88027656,0.0018665527,0.11557114
4137,daisy,0.9864975,0.00040501874,0.0056095035,0.004447902,0.0030399617
4138,daisy,0.011860614,0.0066388487,0.64416295,0.008630267,0.32870734
4139,daisy,4.962627e-05,6.707851e-06,0.003586635,2.3310027e-05,0.9963337
4140,daisy,0.8501829,0.015135266,0.09451056,0.007593808,0.03257744
4141,daisy,1.2389329e-05,0.9999732,4.234916e-06,7.262657e-06,2.9037928e-06
4142,daisy,0.018247236,0.05739969,0.60085356,0.010805226,0.31269434
4143,daisy,0.015605362,0.042328246,0.870028,0.002363869,0.069674544
4144,daisy,0.0003718833,0.00015473444,0.87727654,0.00017847303,0.12201834
4145,daisy,1.195356e-09,1.0978177e-09,9.472061e-10,1.0,5.7605427e-09
4146,daisy,0.0410432,0.8503936,0.101103686,0.002888516,0.0045710662
4147,daisy,0.013364444,0.9832021,0.00036861957,0.0027245064,0.0003403245
4148,daisy,0.01850517,0.006137808,0.02038429,0.0026899625,0.9522828
4149,daisy,0.0024994551,0.00084890996,0.8583727,0.0008408854,0.13743815
4150,daisy,1.1646509e-06,0.999994,1.2393243e-06,3.3726673e-07,3.2640387e-06
4151,daisy,0.99924004,0.00022548693,0.00022872046,0.0002042364,0.0001015603
4152,daisy,0.00086530077,0.0016103096,0.912996,0.0020713718,0.08245704
4153,daisy,0.7329405,0.26389632,0.0012699368,0.0012047946,0.00068847305
4154,daisy,0.039999846,0.048504405,0.016027331,0.0133753475,0.8820931
4155,daisy,0.0046062237,0.0033344578,0.0014430155,0.9783099,0.012306354
4156,daisy,1.6748101e-05,1.7818144e-06,2.4502728e-05,1.04249275e-05,0.9999466
4157,daisy,0.82597005,0.16885452,0.0038063906,0.0006093433,0.0007596298
4158,daisy,3.6131848e-06,0.99998415,2.8467293e-06,2.5585318e-06,6.830037e-06
4159,daisy,0.99999714,8.1176756e-07,1.0508985e-06,2.2069821e-07,8.250111e-07
4160,daisy,0.7982632,0.20112514,0.00016998943,0.00035774376,8.394614e-05
4161,daisy,0.051873483,0.10379849,0.012056123,0.71105283,0.121219024
4162,daisy,0.107550815,0.8341716,0.0078080418,0.041210465,0.009259092
4163,daisy,3.0557623e-09,4.0248187e-09,3.0667488e-10,1.0,4.4540025e-09
4164,daisy,0.2598593,0.73952675,0.0003184906,9.7799035e-05,0.00019769436
4165,daisy,2.7519766e-08,6.794445e-10,5.9007417e-09,2.1076492e-08,1.0
4166,daisy,1.5147499e-07,3.0636446e-08,6.5764866e-08,5.231901e-07,0.9999992
4167,daisy,1.5991429e-08,6.650261e-09,2.9432044e-08,0.9999999,5.2855437e-08
4168,daisy,1.8275608e-05,0.0022800202,0.0004747521,0.9971019,0.0001250437
4169,daisy,0.00026134468,2.6930813e-05,0.00028048543,8.26632e-05,0.99934864
4170,daisy,0.9999975,5.7116313e-08,1.0493511e-06,5.9236463e-08,1.3713219e-06
4171,daisy,7.4086086e-07,8.974897e-07,6.718523e-08,0.9999976,6.609602e-07
4172,daisy,0.035171237,0.008554867,0.66999996,0.010715728,0.2755581
4173,daisy,0.00014368967,2.6794543e-05,0.0012643411,3.2284777e-05,0.9985329
4174,daisy,0.00062357436,0.00014122725,0.607645,0.000375195,0.391215
4175,daisy,0.00011211993,0.0005838453,2.5278441e-05,0.99923,4.8718524e-05
4176,daisy,0.008519208,0.002343371,0.9119709,0.0019796093,0.07518697
4177,daisy,5.9267484e-07,9.8812755e-08,1.1338531e-06,7.771858e-07,0.9999973
4178,daisy,0.43485388,0.34463665,0.02128607,0.15682974,0.042393673
4179,daisy,1.2389948e-09,3.9915022e-09,1.4883005e-10,1.0,7.8779994e-10
4180,daisy,9.845025e-05,0.0002195227,0.0012851574,0.00017484925,0.998222
4181,daisy,0.17811322,0.04506761,0.7722312,0.0017617394,0.0028262087
4182,daisy,0.0018342963,0.00074657425,0.7402741,0.0021626444,0.25498244
4183,daisy,0.80423963,0.03941875,0.12714836,0.009010624,0.020182574
4184,daisy,5.615563e-05,1.7481696e-05,0.9065733,1.7118937e-05,0.09333597
4185,daisy,0.0018718522,0.0012429398,0.9724165,0.0011884741,0.023280282
4186,daisy,0.6165113,0.033410173,0.1517554,0.005480244,0.19284292
4187,daisy,0.040307574,0.00021799041,0.0015767717,0.00024268962,0.95765495
4188,daisy,1.7361333e-05,2.8235909e-06,0.9969729,3.6048884e-06,0.0030032103
4189,daisy,7.5604993e-07,7.8893194e-08,1.9536108e-06,1.0263652e-06,0.9999962
4190,daisy,5.2474124e-06,1.4886816e-06,5.1692296e-05,7.622093e-06,0.9999339
4191,daisy,0.04110868,0.032859087,0.032318007,0.18282196,0.7108923
4192,daisy,2.1896273e-08,1.0048394e-09,7.9995814e-08,1.5279888e-08,0.9999999
4193,daisy,0.00014624403,1.7404757e-06,0.00011208452,4.121809e-06,0.99973583
4194,daisy,4.4770182e-05,9.321464e-06,0.42577958,3.0189007e-05,0.57413614
4195,daisy,3.8865568e-05,4.9134887e-06,9.176541e-05,1.1772692e-05,0.9998528
4196,daisy,0.019623438,0.009954336,0.2685728,0.061108023,0.6407414
4197,daisy,0.00063595606,0.99896085,0.00013967356,0.00016685482,9.6586846e-05
4198,daisy,0.88300496,0.00027696195,0.00364202,9.629557e-05,0.11297981
4199,daisy,0.000120928,1.9515726e-05,9.540337e-05,0.00013361659,0.9996306
4200,daisy,0.00088363205,0.00022103898,0.8438096,0.0011782735,0.15390739
4201,daisy,2.3837663e-08,9.296221e-09,3.192244e-09,0.9999999,3.436268e-08
4202,daisy,0.9645298,0.00026759735,0.0004279789,0.034598578,0.00017607393
4203,daisy,1.7831922e-05,2.7589663e-06,0.0003453181,7.4719946e-06,0.9996265
4204,daisy,0.0029094992,0.00095020485,0.7248162,0.0014054449,0.26991862
4205,daisy,0.0002166493,0.00036630075,0.0005587642,0.99811554,0.0007427429
4206,daisy,0.00092405593,0.00028227136,0.6315199,0.00097217987,0.3663016
4207,daisy,0.03285009,0.0045199976,0.87731075,0.0028530932,0.08246608
4208,daisy,1.5341644e-05,1.0865751e-05,9.6884505e-05,4.1046704e-05,0.99983585
4209,daisy,1.2237508e-07,1.4929891e-07,1.8456049e-06,1.8867476e-07,0.99999774
4210,daisy,0.99946576,5.1154442e-05,0.00013835428,2.0697411e-05,0.00032402168
4211,daisy,0.9908417,0.0061741276,0.0009444507,0.0013261393,0.0007135688
4212,daisy,0.031960182,0.0025390254,0.94964063,0.002400726,0.013459359
4213,daisy,1.4346117e-05,0.9999833,5.9313544e-07,1.3424536e-06,3.9946508e-07
4214,daisy,0.00011292247,1.5785929e-05,1.8086877e-05,0.000115702554,0.99973756
4215,daisy,2.1853509e-07,1.5154089e-06,4.7671455e-07,0.9999954,2.3735888e-06
4216,daisy,4.3529303e-06,2.3894322e-06,6.6135686e-07,0.9999918,8.6831216e-07
4217,daisy,0.9999998,1.8922538e-08,6.467542e-08,2.3458528e-08,2.8942376e-08
4218,daisy,0.98948526,4.7368067e-05,0.009040579,0.00013448972,0.0012922781
4219,daisy,0.0013267219,0.00011115242,0.60814464,0.0008613466,0.38955617
4220,daisy,0.40051994,0.598291,0.0001137399,0.00085507554,0.0002202432
4221,daisy,1.1823469e-06,2.4272032e-07,1.1266764e-08,0.9999984,1.3747128e-07
4222,daisy,0.00027360764,0.999685,1.5225034e-05,1.522879e-05,1.0946362e-05
4223,daisy,0.003925203,0.9874212,0.00014817993,0.008323075,0.00018240392
4224,daisy,0.08035722,0.8984308,0.010708904,0.0055250786,0.0049779615
4225,daisy,0.0075050234,0.19616652,0.0071190656,0.68354535,0.10566399
4226,daisy,0.0004057376,0.00011845335,0.8906633,0.0001581299,0.10865434
4227,daisy,3.0240917e-06,0.9999938,6.1464897e-07,1.055447e-06,1.5231761e-06
4228,daisy,0.0006034343,0.99718535,0.00030108463,0.0012316365,0.0006785217
4229,daisy,0.0001070217,1.5401161e-05,0.9382105,2.9570036e-05,0.06163744
4230,daisy,0.00055738946,0.04470288,3.8724782e-05,0.95446175,0.00023921653
4231,daisy,4.1409884e-08,7.9973717e-10,1.0992189e-07,1.7933003e-08,0.9999998
4232,daisy,0.008011193,0.0029504548,0.8426794,0.0025526634,0.14380623
4233,daisy,0.0027018047,0.0026249096,0.72454435,0.0016607568,0.26846823
4234,daisy,9.545766e-07,1.0462175e-07,0.9999468,9.0616744e-08,5.2024814e-05
4235,daisy,7.743655e-06,1.9780173e-06,1.1918863e-06,1.0015565e-05,0.999979
4236,daisy,8.3715524e-05,1.934972e-05,0.795471,2.3271376e-05,0.20440269
4237,daisy,0.012938336,0.9715641,0.0016680848,0.012713313,0.001116183
4238,daisy,7.4846546e-05,3.16882e-05,0.01780985,3.1075782e-05,0.9820525
4239,daisy,0.018351447,0.014693436,0.7761473,0.026853025,0.16395478
4240,daisy,4.9099026e-06,3.3730157e-06,0.99980277,4.555594e-06,0.00018445218
4241,daisy,3.325996e-07,0.99999905,2.699727e-07,1.6923073e-07,1.3659616e-07
4242,daisy,4.827869e-10,2.4224867e-09,6.2448505e-11,1.0,8.273364e-10
4243,daisy,2.3530609e-08,9.778104e-11,4.3060688e-10,1.0,4.6484554e-09
4244,daisy,0.012449399,0.012661238,0.22123775,0.0068131154,0.74683857
4245,daisy,0.0011732789,0.00066106336,0.9042166,0.00066437107,0.093284726
4246,daisy,0.0016745247,0.0020227614,0.0014947611,0.9919011,0.0029068696
4247,daisy,3.0454254e-07,1.6419308e-07,1.208231e-08,0.9999994,9.02254e-08
4248,daisy,7.975204e-05,6.684097e-06,3.9797844e-05,2.8782393e-05,0.9998449
4249,daisy,1.3837189e-08,1.784228e-06,0.999998,8.107596e-08,7.526163e-08
4250,daisy,0.009322692,0.005714842,0.56204385,0.007619992,0.4152986
4251,daisy,0.0004440703,0.0003438048,0.0016458377,0.994898,0.0026683505
4252,daisy,0.0024392027,0.0019522451,0.29506084,0.0038181324,0.69672954
4253,daisy,0.8071674,0.19004825,0.0005967162,0.0018056205,0.00038198492
4254,daisy,0.99999845,2.3508001e-07,3.1763028e-07,1.8302296e-07,7.4105617e-07
4255,daisy,2.0684257e-10,3.1920083e-10,8.385187e-11,1.0,1.7534317e-09
4256,daisy,0.00033423997,0.99950695,6.21533e-05,8.0449776e-05,1.625063e-05
4257,daisy,9.973153e-09,1.67133e-09,9.3276905e-12,1.0,1.1607468e-09
4258,daisy,4.7065193e-08,1.380351e-08,0.9999998,1.2562192e-08,6.1345155e-08
4259,daisy,1.9504969e-05,0.99997395,2.2426077e-06,2.51715e-06,1.7350333e-06
4260,daisy,0.00034562295,0.002551937,0.98755896,0.006362322,0.0031811842
4261,daisy,0.0006326347,0.00011680232,0.9824883,0.00015756875,0.016604759
4262,daisy,4.349884e-05,0.19844893,0.79969573,0.00035579002,0.0014560637
4263,daisy,0.028925681,0.2577873,0.283323,0.3662375,0.063726544
4264,daisy,0.64681846,0.25776,0.004197534,0.04563427,0.045589846
4265,daisy,0.8210945,0.17863493,0.0001483289,9.040436e-05,3.1804477e-05
4266,daisy,0.051716585,0.029625293,0.2577922,0.059172172,0.60169363
4267,daisy,3.1671995e-11,2.6345945e-11,1.6080652e-12,1.0,4.1246565e-11
4268,daisy,0.055199586,0.002125178,0.006860493,0.0106205195,0.92519414
4269,daisy,3.2466956e-05,9.762384e-05,1.5190681e-05,0.99966896,0.00018574706
4270,daisy,3.2128304e-05,2.9860512e-05,0.00012559125,0.00012990725,0.99968255
4271,daisy,0.87597626,0.00095647154,0.0009847569,0.12027989,0.0018025845
4272,daisy,1.6603801e-06,0.99999636,4.2685787e-07,1.0730631e-06,4.774486e-07
4273,daisy,0.0016589181,0.95445764,0.00080287625,0.041716266,0.0013643274
4274,daisy,0.007964449,0.001555038,0.91014624,0.0017339529,0.07860033
4275,daisy,7.9329635e-05,0.9998601,1.884317e-05,1.9427956e-05,2.2307733e-05
4276,daisy,0.0001554252,0.89482975,2.178498e-05,0.104927994,6.498295e-05
4277,daisy,0.922207,0.00062634854,0.0010672187,0.07500453,0.0010949153
4278,daisy,3.8082122e-05,1.342257e-05,0.9556588,1.409463e-05,0.044275574
4279,daisy,0.041424133,0.06796019,0.10476424,0.7285646,0.05728674
4280,daisy,6.359045e-05,0.9998109,2.055075e-05,3.341812e-05,7.151927e-05
4281,daisy,2.1014989e-07,2.3169614e-08,0.999998,5.7434058e-08,1.6780056e-06
4282,daisy,0.94339293,0.018888371,0.0032895275,0.00041135828,0.034017876
4283,daisy,0.9980663,2.7461813e-06,1.5400161e-06,0.0019268196,2.566349e-06
4284,daisy,3.712544e-08,0.9999994,8.0031796e-08,3.209696e-07,1.06068924e-07
4285,daisy,0.003284643,0.0012179107,0.1645442,0.0023799127,0.8285734
4286,daisy,4.1805126e-08,2.589859e-07,1.9319226e-09,0.99999964,2.9347124e-08
4287,daisy,2.0723828e-06,0.9999949,7.839476e-07,1.0336397e-06,1.3228331e-06
4288,daisy,0.006101963,0.009218081,0.045222387,0.013008496,0.9264491
4289,daisy,0.0005207987,0.00025387394,0.014024529,0.0002500186,0.98495084
4290,daisy,9.576224e-06,0.9999374,3.4605807e-06,4.7955207e-05,1.6330087e-06
4291,daisy,6.5705583e-09,4.274864e-09,0.999959,1.4123574e-08,4.0921514e-05
4292,daisy,0.9999997,3.2252463e-09,2.9514666e-07,2.3697893e-09,3.4291247e-08
4293,daisy,0.0010759223,0.99602735,0.0006324618,0.0016619375,0.00060225546
4294,daisy,3.120151e-08,7.440072e-08,5.7711067e-09,0.9999999,2.1387846e-08
4295,daisy,3.1128007e-08,1.4523205e-09,8.73582e-09,1.0,3.7406735e-09
4296,daisy,9.426985e-05,2.5676796e-05,0.9599724,3.5056615e-05,0.03987257
4297,daisy,0.33382392,0.0006735808,0.02079413,0.00092200405,0.6437864
4298,daisy,0.00061763555,0.000716567,0.0008470154,0.0013345999,0.9964841
4299,daisy,0.002334098,8.683627e-06,1.26732675e-05,0.99762803,1.6490189e-05
4300,daisy,0.013467883,0.010571142,0.83779037,0.00903908,0.12913147
4301,daisy,5.1701505e-08,1.8602103e-08,0.99986017,5.006142e-08,0.00013971521
4302,daisy,1.7074083e-06,1.6162476e-06,1.0266692e-06,0.99998873,6.821466e-06
4303,daisy,0.9245278,0.008523021,0.0045714024,0.056190003,0.006187711
4304,daisy,4.8016855e-06,1.1070531e-06,3.5213056e-06,3.6247231e-06,0.99998695
4305,daisy,0.0006637674,0.00016164081,0.00025827347,0.0004970749,0.99841917
4306,daisy,1.9215115e-05,0.9999644,3.379332e-06,7.716141e-06,5.2661603e-06
4307,daisy,2.4062574e-05,0.9999714,3.0267884e-06,1.0027132e-06,5.761877e-07
4308,daisy,5.9825817e-07,1.15540196e-07,1.7843355e-07,7.6797596e-07,0.9999984
4309,daisy,7.315665e-07,9.1516785e-07,0.99988997,1.7306835e-06,0.00010666816
4310,daisy,0.9996956,6.4839296e-06,4.1650048e-05,3.8531292e-05,0.0002177618
4311,daisy,0.999108,0.0008220951,1.1058619e-05,3.3206376e-05,2.565179e-05
4312,daisy,0.0012688085,0.42267376,0.00011642533,0.5755181,0.0004229765
4313,daisy,0.014897361,0.0058140294,0.014370529,0.35870156,0.60621655
4314,daisy,9.822977e-07,0.99999535,6.6283735e-07,1.4806044e-06,1.6190048e-06
4315,daisy,1.0667295e-06,1.981856e-07,0.99971807,2.3432179e-07,0.00028037955
4316,daisy,0.0008984354,0.00019998697,0.9947794,0.00017287314,0.0039492906
4317,daisy,0.00041045426,0.0001007426,0.768484,0.00024754327,0.23075727
4318,daisy,0.03203021,0.9551705,0.004099026,0.007181535,0.0015186768
4319,daisy,5.9364393e-05,0.99981844,4.360604e-05,5.6437915e-05,2.2146003e-05
4320,daisy,8.806005e-08,4.9296364e-08,2.1218565e-07,1.4468637e-07,0.9999995
4321,daisy,0.14750257,0.06544385,0.36626345,0.3118577,0.10893241
4322,daisy,3.7176527e-05,0.9995502,3.2424992e-05,0.00034668975,3.3477907e-05
4323,daisy,0.020890621,0.0067381514,0.09411756,0.021648392,0.85660523
